a’bbõnd,ˈɑˀbːənd
ablatīv,ˈɑblɑtiːv
a’bbõnz,ˈɑˀbːənz
aɡānd,ˈɑɡɑːnd
a’ddõrz,ˈɑˀdːərz
a’bbõrz,ˈɑˀbːərz
aiɡā,ˈɑiɡɑː
a’bli,ˈɑˀbli
a’b,ˈɑˀb
aiɡāmǭlõ,ˈɑiɡɑːmɒːlə
adesīv,ˈɑdesiːv
aɡā,ˈɑɡɑː
aiɡ,ˈɑiɡ
aiɡõ,ˈɑiɡə
a’iɡõ,ˈɑˀiɡə
a’iɡi,ˈɑˀiɡi
aiɡi,ˈɑiɡi
alāb,ˈɑlɑːb
aktsent,ˈɑktsent
a’ilõ,ˈɑˀilə
alā,ˈɑlɑː
akkiji,ˈɑkːiji
akkõ,ˈɑkːə
a’jjõ,ˈɑˀjːə
aițumāl,ˈɑicumɑːl
aim,ˈɑim
aldõst,ˈɑldəst
alāstli,ˈɑlɑːstli
alfabēt,ˈɑlfɑbeːt
alɡõ,ˈɑlɡə
alāstõ,ˈɑlɑːstə
a,ɑ
alɡõd,ˈɑlɡəd
alɡ,ˈɑlɡ
alɡid,ˈɑlɡid
alɡõm,ˈɑlɡəm
allõ,ˈɑlːə
a’lmi,ˈɑˀlmi
a’llitas,ˈɑˀlːitɑs
allatīv,ˈɑlːɑtiːv
alz,ˈɑlz
alīz,ˈɑliːz
alīztas,ˈɑliːztɑs
a’ltõ,ˈɑˀltə
alumīnij,ˈɑlumiːnij
aļ,ˈɑʎ
a’lli,ˈɑˀlːi
amāt,ˈɑmɑːt
amā,ˈɑmɑː
a’mši,ˈɑˀmʃi
amērik,ˈɑmeːrik
amūstiz,ˈɑmuːstiz
amātnikā,ˈɑmɑːtnikɑː
analīz,ˈɑnɑliːz
analōɡ,ˈɑnɑloːɡ
analōɡij,ˈɑnɑloːɡij
aņɡõrz,ˈɑɲɡərz
appõnrok,ˈɑpːənrok
appõnsēmḑa,ˈɑpːənseːmɟɑ
appõn,ˈɑpːən
appāina,ˈɑpːɑːinɑ
a’m,ˈɑˀm
anɡ,ˈɑnɡ
apostrōf,ˈɑpostroːf
andõ,ˈɑndə
and,ˈɑnd
aptēk,ˈɑpteːk
arrõ,ˈɑrːə
a’rrõ,ˈɑrːə
arāɡõz,ˈɑrɑːɡəz
arū,ˈɑruː
a’rtõ,ˈɑˀrtə
artõ,ˈɑrtə
arābõ,ˈɑrɑːbə
aŗšt,ˈɑrʲʃt
april,ˈɑpril
aŗštõ,ˈɑrʲʃtə
atrāita,ˈɑtrɑːitɑ
aššõ,ˈɑʃːə
atrāitanai,ˈɑtrɑːitɑnɑi
astām,ˈɑstɑːm
astõ,ˈɑstə
a’zmõl,ˈɑˀzməl
austrij,ˈɑustrij
azūmnikā,ˈɑzuːmnikɑː
azūm,ˈɑzuːm
ažāpū,ˈɑʒɑːpuː
a’ž,ˈɑˀʒ
āiɡa,ˈɑːiɡɑ
ažā,ˈɑʒɑː
ažāsõnā,ˈɑʒɑːsɯnɑː
azūmsõnā,ˈɑzuːmsɯnɑː
arm,ˈɑrm
āiɡakēra,ˈɑːiɡɑkeːrɑ
ā,ɑː
āiɡal,ˈɑːiɡɑl
āina,ˈɑːinɑ
a’r,ˈɑˀr
āiɡast,ˈɑːiɡɑst
āiɡiņ,ˈɑːiɡiɲ
āinakerk,ˈɑːinɑkerk
āiɡarǭntõz,ˈɑːiɡɑrɒːntəz
āinaɡi,ˈɑːinɑɡi
āltar,ˈɑːltɑr
āiraz,ˈɑːirɑz
āita,ˈɑːitɑ
āinakū,ˈɑːinɑkuː
āndõks,ˈɑːndəks
ānkaŗ,ˈɑːnkɑrʲ
āmbaz,ˈɑːmbɑz
ārɡa,ˈɑːrɡɑ
āļdža,ˈɑːʎdʒɑ
ārmaz,ˈɑːrmɑz
ārmaztõ,ˈɑːrmɑztə
ārmakstõ,ˈɑːrmɑkstə
ä’b,ˈæˀb
ä’bjõvā,ˈæˀbjɯvɑː
äbjõvā,ˈæˀbjɯvɑː
ä,æ
äbī,ˈæbiː
ä’bknaš,ˈæˀbknɑʃ
ä’bțõks,ˈæˀbcəks
ä’bõiɡi,ˈæˀbɯiɡi
ä’bpū’dõz,ˈæˀbpuːˀdəz
ä’bțõ,ˈæˀbcə
ä’d,ˈæˀd
ä’bvȯndzi,ˈæˀbvɤndzi
ä’busk,ˈæˀbusk
ä’ɡɡõz,ˈæˀɡːəz
ädāɡõ,ˈædɑːɡə
ädā,ˈædɑː
äkīst,ˈækiːst
ältõ,ˈæltə
ä’ɡstõ,ˈæˀɡstə
äl,ˈæl
ändi,ˈændi
ämār,ˈæmɑːr
ärb,ˈærb
äp,ˈæp
äm,ˈæm
ät,ˈæt
ǟnda,ˈæːndɑ
ǟ,æː
ǟma,ˈæːmɑ
ǟrma,ˈæːrmɑ
ǟrɡa,ˈæːrɡɑ
ǟrmatõ,ˈæːrmɑtə
bä’bbõrz,ˈbæˀbːərz
bakbord,ˈbɑkbord
bäs,ˈbæs
belɡij,ˈbelɡij
beļɡij,ˈbeʎɡij
bä’zmõr,ˈbæˀzmər
bikšõd,ˈbikʃəd
birkov,ˈbirkov
bikt,ˈbikt
bībõl,ˈbiːbəl
bīlda,ˈbiːldɑ
bet,ˈbet
bībõl,ˈbiːbəl
bīskop,ˈbiːskop
bokā,ˈbokɑː
blē’ḑ,ˈbleːˀɟ
bīețõz,ˈbiːecəz
bokāmǭŗa,ˈbokɑːmɒːrʲɑ
bleifēdõr,ˈbleifeːdər
bomīkšõ,ˈbomiːkʃə
b,b
borāvīk,ˈborɑːviːk
borātõ,ˈborɑːtə
bosnij,ˈbosnij
bǭn,ˈbɒːn
bǭik,ˈbɒːik
bǭik,ˈbɒːik
bo’ŗ,ˈboˀrʲ
bǭļa,ˈbɒːʎɑ
borkõn,ˈborkən
bǭr,ˈbɒːr
brissõl,ˈbrisːəl
brēḑiɡ,ˈbreːɟiɡ
bre’ḑḑõ,ˈbreˀɟːə
brīõz,ˈbriːɯz
brūokst,ˈbruːokst
brī,ˈbriː
brõuvõ,ˈbrɯuvə
bukštīerõ,ˈbukʃtiːerə
bulɡārij,ˈbulɡɑːrij
brūni,ˈbruːni
broutšõ,ˈbrout͡ʃə
bu’ļ,ˈbuˀʎ
buzārtõ,ˈbuzɑːrtə
bumbīer,ˈbumbiːer
bu’ŗŗõ,ˈbuˀrʲːə
būmbal,ˈbuːmbɑl
būolɡõz,ˈbuːolɡəz
dadžā,ˈdɑdʒɑː
būom,ˈbuːom
dabā,ˈdɑbɑː
būoḑ,ˈbuːoɟ
da’ɡɡõl,ˈdɑˀɡːəl
daņtš,ˈdɑɲt͡ʃ
da’nktõ,ˈdɑˀnktə
danktõ,ˈdɑnktə
damā,ˈdɑmɑː
dattõd,ˈdɑtːəd
datōr,ˈdɑtoːr
daņtšõ,ˈdɑɲt͡ʃə
derk,ˈderk
dālba,ˈdɑːlbɑ
datīv,ˈdɑtiːv
dēļ,ˈdeːʎ
detsembõr,ˈdetsembər
dek,ˈdek
dēņmǭ,ˈdeːɲmɒː
dillõd,ˈdilːəd
drukkõ,ˈdrukːə
duņtš,ˈduɲt͡ʃ
dullõnz,ˈdulːənz
dūoņiɡ,ˈduːoɲiɡ
drū’ošõ,ˈdruːˀoʃə
dūrbal,ˈduːrbɑl
ḑ,ɟ
d,d̪
e’ɡļi,ˈeˀɡʎi
e’ḑḑi,ˈeˀɟːi
eirōp,ˈeiroːp
elatīv,ˈelɑtiːv
e’ḑḑini’m,ˈeˀɟːiniˀm
eitõ,ˈeitə
e’ɡɡiļ,ˈeˀɡːiʎ
elektrīb,ˈelektriːb
eļm,ˈeʎm
eļkõ,ˈeʎkə
eļ,ˈeʎ
eļļõ,ˈeʎːə
enɡlišmǭ,ˈenɡliʃmɒː
enɡõl,ˈenɡəl
enɡõlmǭ,ˈenɡəlmɒː
entsiklopēdij,ˈentsiklopeːdij
epțõ,ˈepcə
erk,ˈerk
e’žmi,ˈeˀʒmi
e’žmõks,ˈeˀʒməks
ețkā,ˈeckɑː
erktõ,ˈerktə
ertļõ,ˈertʎə
evanɡēlium,ˈevɑnɡeːlium
e’žžõmpǟva,ˈeˀʒːəmpæːvɑ
e’žǭ’rõn,ˈeˀʒɒːˀrən
ē,eː
ēdrõm,ˈeːdrəm
ēbrikš,ˈeːbrikʃ
ē’ḑõ,ˈeːˀɟə
ēdrikšõ,ˈeːdrikʃə
ē’ņõz,ˈeːˀɲəz
ēļ,ˈeːʎ
ē’ḑtõ,ˈeːˀɟtə
ērɡiļnikā,ˈeːrɡiʎnikɑː
ērɡiļd,ˈeːrɡiʎd
ēriņ,ˈeːriɲ
ētam,ˈeːtɑm
ēstimǭ,ˈeːstimɒː
februār,ˈfebruɑːr
ēviļ,ˈeːviʎ
ēviļtõ,ˈeːviʎtə
frantsij,ˈfrɑntsij
fakt,ˈfɑkt
fonētik,ˈfoneːtik
februar,ˈfebruɑr
e,e
ɡaffõl,ˈɡɑfːəl
ɡadāɡ,ˈɡɑdɑːɡ
ɡārban,ˈɡɑːrbɑn
f,f
ɡilɡõ,ˈɡilɡə
ɡenitīv,ˈɡenitiːv
ɡoŗīkšõ,ˈɡorʲiːkʃə
ɡipk,ˈɡipk
ɡlǭz,ˈɡlɒːz
ɡidīkšõ,ˈɡidiːkʃə
ɡiltõ,ˈɡiltə
ɡlä’bbõ,ˈɡlæˀbːə
ɡrēkõmǭ,ˈɡreːkəmɒː
ɡuŗkõz,ˈɡurʲkəz
ɡūnɡaserk,ˈɡuːnɡɑserk
ɡrīekmǭ,ˈɡriːekmɒː
ɡrād,ˈɡrɑːd
ɡ,ɡ
ɡūoɡõz,ˈɡuːoɡəz
ɡūlma,ˈɡuːlmɑ
ɡrant,ˈɡrɑnt
idāntõ,ˈidɑːntə
idā,ˈidɑː
i’bbi,ˈiˀbːi
i’ddõ,ˈiˀdːə
holand,ˈholɑnd
ibūks,ˈibuːks
i’ɡ,ˈiˀɡ
horvātij,ˈhorvɑːtij
iɡāb,ˈiɡɑːb
i’ɡmõd,ˈiˀɡməd
iɡāniz,ˈiɡɑːniz
i’ɡɡõz,ˈiˀɡːəz
i’ɡɡi,ˈiˀɡːi
iɡā,ˈiɡɑː
ikš,ˈikʃ
ij,ij
h,x
ikšlu’ɡ,ˈikʃluˀɡ
ikši’ɡɡiņ,ˈikʃiˀɡːiɲ
ildīņ,ˈildiːɲ
ikštäuž,ˈikʃtæuʒ
ilp,ˈilp
ikštuoistõn,ˈikʃtuoistən
i’ldõ,ˈiˀldə
illatīv,ˈilːɑtiːv
i’lzõ,ˈiˀlzə
i’ļ,ˈiˀʎ
ilā,ˈilɑː
i’llõ,ˈiˀlːə
i’ļdžēmḑa,ˈiˀʎdʒeːmɟɑ
i’ļļõ,ˈiˀʎːə
i’ļļiskūol,ˈiˀʎːiskuːol
i’m,ˈiˀm
immõr,ˈimːər
immõrtõ,ˈimːərtə
imāb,ˈimɑːb
i’mtõ,ˈiˀmtə
inesīv,ˈinesiːv
imū,ˈimuː
i’mlõ,ˈiˀmlə
i’mmõ,ˈiˀmːə
ind,ˈind
informātsij,ˈinformɑːtsij
irē jo’uɡ,ˈireːjoˀuɡ
instrumentāl,ˈinstrumentɑːl
i’nnõ,ˈiˀnːə
irdi,ˈirdi
irē,ˈireː
irīkšõ,ˈiriːkʃə
irɡ,ˈirɡ
irm,ˈirm
irɡõ,ˈirɡə
irmtõ,ˈirmtə
irmõz,ˈirməz
iŗāmǭŗa,ˈirʲɑːmɒːrʲɑ
istōrij,ˈistoːrij
itāļmǭ,ˈitɑːʎmɒː
istõ,ˈistə
itālij,ˈitɑːlij
island,ˈislɑnd
itkõ,ˈitkə
izā,ˈizɑː
izāmǭ,ˈizɑːmɒː
izāsõzār,ˈizɑːsɯzɑːr
izānd,ˈizɑːnd
i’z,ˈiˀz
izāve’ļ,ˈizɑːveˀʎ
i’zrael,ˈiˀzrɑel
i’zt,ˈiˀzt
ī’dlimi,ˈiːˀdlimi
ī’dõks,ˈiːˀdəks
izraēl,ˈizrɑeːl
ī’diņțõ,ˈiːˀdiɲcə
ī’dõkskimdõ,ˈiːˀdəkskimdə
ī,iː
ī’dõkskimdõz,ˈiːˀdəkskimdəz
ī’dõksmõz,ˈiːˀdəksməz
ī’dõkssadāz,ˈiːˀdəkssɑdɑːz
ī’dõkstuoistõn,ˈiːˀdəkstuoistən
ī’dõkssadā,ˈiːˀdəkssɑdɑː
ī’dsku’bs,ˈiːˀdskuˀbs
ī’dõkstuoistõnz,ˈiːˀdəkstuoistənz
īedõ,ˈiːedə
ī’edõ,ˈiːˀedə
ī’dtõlu’ɡɡõ,ˈiːˀdtəluˀɡːə
īeīr,ˈiːeiːr
īeltõ,ˈiːeltə
īe,ˈiːe
īevad,ˈiːevɑd
īekõ,ˈiːekə
ī’dtuoistõnz,ˈiːˀdtuoistənz
īlbõks,ˈiːlbəks
īlɡaz,ˈiːlɡɑz
ī’m,ˈiːˀm
īlma,ˈiːlmɑ
īņõkst,ˈiːɲəkst
īnda,ˈiːndɑ
īņõzki’lliji,ˈiːɲəzkiˀlːiji
īr,ˈiːr
īņõz,ˈiːɲəz
īra,ˈiːrɑ
īrɡandõks,ˈiːrɡɑndəks
īrõmǭ,ˈiːrəmɒː
īra jo’uɡ,ˈiːrɑjoˀuɡ
īsland,ˈiːslɑnd
ī’ti,ˈiːˀti
ī’t,ˈiːˀt
ī’ž,ˈiːˀʒ
ī’žki’lliji,ˈiːˀʒkiˀlːiji
jadā,ˈjɑdɑː
jakt,ˈjɑkt
ja’mdi,ˈjɑˀmdi
ja’ɡɡõ,ˈjɑˀɡːə
jaļkš,ˈjɑʎkʃ
jaktõ,ˈjɑktə
ja’mdõ,ˈjɑˀmdə
janvār,ˈjɑnvɑːr
ja’ɡ,ˈjɑˀɡ
jamstõ,ˈjɑmstə
jālɡa,ˈjɑːlɡɑ
jarā,ˈjɑrɑː
jatkõ,ˈjɑtkə
jatk,ˈjɑtk
jālɡab,ˈjɑːlɡɑb
jālɡab,ˈjɑːlɡɑb
jämp,ˈjæmp
jālɡiņ,ˈjɑːlɡiɲ
jedāl,ˈjedɑːl
j,j
je’dmõl,ˈjeˀdməl
je’dsõ,ˈjeˀdsə
je’ddõpē’ḑõn,ˈjeˀdːəpeːˀɟən
je’ddõ,ˈjeˀdːə
je’ds,ˈjeˀds
je’dstõ,ˈjeˀdstə
je’dspē’ḑõn,ˈjeˀdspeːˀɟən
jeɡāikš,ˈjeɡɑːikʃ
jeɡā,ˈjeɡɑː
ja,ˈjɑ
jeiji,ˈjeiji
jeime’r,ˈjeimeˀr
jelāb,ˈjelɑːb
jeksõ,ˈjeksə
jei,ˈjei
jelāj,ˈjelɑːj
je’l,ˈjeˀl
jelānikā,ˈjelɑːnikɑː
je’lsõ,ˈjeˀlsə
jelāmi,ˈjelɑːmi
jemānd,ˈjemɑːnd
je’llõ,ˈjeˀlːə
jemākēļ,ˈjemɑːkeːʎ
jemā,ˈjemɑː
jemāsõzār,ˈjemɑːsɯzɑːr
jemīņ,ˈjemiːɲ
jenɡ,ˈjenɡ
jenɡõ,ˈjenɡə
jemāve’ļ,ˈjemɑːveˀʎ
je’nɡõz,ˈjeˀnɡəz
je’nnõ,ˈjeˀnːə
jērnaz,ˈjeːrnɑz
jettõ,ˈjetːə
jo’uļiki,ˈjoˀuʎiki
joud,ˈjoud
joudzi,ˈjoudzi
jouɡūzõ,ˈjouɡuːzə
joudõ,ˈjoudə
jo’uɡ,ˈjoˀuɡ
joutõm,ˈjoutəm
joutõmläpš,ˈjoutəmlæpʃ
jovātõ,ˈjovɑːtə
jo’vd,ˈjoˀvd
jǭ’dõ,ˈjɒːˀdə
jǭlõks,ˈjɒːləks
jo,juo
jōtaz,ˈjoːtɑz
jǭra,ˈjɒːrɑ
jõbā,ˈjɯbɑː
jǭḑ,ˈjɒːɟ
jǭsõ,ˈjɒːsə
jǭņpǟva kū,ˈjɒːɲpæːvɑkuː
jǭņpǟva,ˈjɒːɲpæːvɑ
jõuɡõmǭŗa,ˈjɯuɡəmɒːrʲɑ
julɡõ,ˈjulɡə
jõvīst,ˈjɯviːst
jõ’vvõ,ˈjɯˀvːə
jõvā ūomõɡ,ˈjɯvɑː ˈuːoməɡ
jumāl,ˈjumɑːl
jõvā,ˈjɯvɑː
jõuɡõ,ˈjɯuɡə
julɡi,ˈjulɡi
jõvām,ˈjɯvɑːm
jumāl,ˈjumɑːl
juo,ˈjuo
jū’odiji,ˈjuːˀodiji
jūdõmǭ,ˈjuːdəmɒː
jutlõks,ˈjutləks
jūlij,ˈjuːlij
jurɡ,ˈjurɡ
jūnij,ˈjuːnij
jūoimi,ˈjuːoimi
jū’od,ˈjuːˀod
jutlõ,ˈjutlə
jūodõ,ˈjuːodə
jū’odõ,ˈjuːˀodə
jūoimki,ˈjuːoimki
jūom,ˈjuːom
jūoji,ˈjuːoji
jūokš,ˈjuːokʃ
jūomi,ˈjuːomi
jūŗ,ˈjuːrʲ
jūomnāiɡa,ˈjuːomnɑːiɡɑ
jū’rõ,ˈjuːˀrə
jūotõ,ˈjuːotə
jūokšõ,ˈjuːokʃə
jūsõ,ˈjuːsə
kabāt,ˈkɑbɑːt
kabāl,ˈkɑbɑːl
kabātš,ˈkɑbɑːt͡ʃ
kaffekuodā,ˈkɑfːekuodɑː
ka’d,ˈkɑˀd
kaffetas,ˈkɑfːetɑs
ka’ddõ,ˈkɑˀdːə
ka’ɡɡõl,ˈkɑˀɡːəl
ka’ɡɡõrz,ˈkɑˀɡːərz
kaibõ,ˈkɑibə
kaimkuodā,ˈkɑimkuodɑː
kaffe,ˈkɑfːe
kaimõ,ˈkɑimə
kajāɡõz,ˈkɑjɑːɡəz
kaits,ˈkɑits
k,k
kakšsadā,ˈkɑkʃsɑdɑː
kak,ˈkɑk
ka,ˈkɑ
kakštuoistõn,ˈkɑkʃtuoistən
ka’jtõ,ˈkɑˀjtə
ka’j,ˈkɑˀj
kalādrok,ˈkɑlɑːdrok
kalā,ˈkɑlɑː
kamār,ˈkɑmɑːr
kanā,ˈkɑnɑː
kanād,ˈkɑnɑːd
kanɡpūd,ˈkɑnɡpuːd
kalāmīez,ˈkɑlɑːmiːez
kakš,ˈkɑkʃ
ka’ņki,ˈkɑˀɲki
kanɡtõ,ˈkɑnɡtə
kaptēn,ˈkɑpteːn
kakškimdõ,ˈkɑkʃkimdə
kaitsõ,ˈkɑitsə
kanɡti,ˈkɑnɡti
kapīņțõ,ˈkɑpiːɲcə
kaļ,ˈkɑʎ
kaļ,ˈkɑʎ
kand,ˈkɑnd
kartõ,ˈkɑrtə
kard,ˈkɑrd
ka’rdi,ˈkɑˀrdi
kardi,ˈkɑrdi
karɡõ,ˈkɑrɡə
kastõ,ˈkɑstə
kast,ˈkɑst
kastūɡ,ˈkɑstuːɡ
kaš,ˈkɑʃ
katkõ,ˈkɑtkə
katkismus,ˈkɑtkismus
karū,ˈkɑruː
kaļāj,ˈkɑʎɑːj
kas,ˈkɑs
katōļusk,ˈkɑtoːʎusk
kattõ,ˈkɑtːə
kandõ,ˈkɑndə
kațļā,ˈkɑcʎɑː
ka’žži,ˈkɑˀʒːi
ka’z,ˈkɑˀz
kāinal,ˈkɑːinɑl
kālma,ˈkɑːlmɑ
karri,ˈkɑrːi
karīņțõ,ˈkɑriːɲcə
kaņț,ˈkɑɲc
kāndab,ˈkɑːndɑb
kāndla,ˈkɑːndlɑ
katūks,ˈkɑtuːks
kazātõ,ˈkɑzɑːtə
kānɡaz,ˈkɑːnɡɑz
kāndam,ˈkɑːndɑm
kāndatõ,ˈkɑːndɑtə
kāika,ˈkɑːikɑ
käbā,ˈkæbɑː
käbrāz,ˈkæbrɑːz
kä’dlabā,ˈkæˀdlɑbɑː
kädūks,ˈkæduːks
kä’dvaŗž,ˈkæˀdvɑrʲʒ
kāndõks,ˈkɑːndəks
kāima,ˈkɑːimɑ
kārɡastõ,ˈkɑːrɡɑstə
kärp,ˈkærp
kä’l,ˈkæˀl
kǟnɡa,ˈkæːnɡɑ
kānɡar,ˈkɑːnɡɑr
kǟ’dõ,ˈkæːˀdə
kǟrpa,ˈkæːrpɑ
kǟrani,ˈkæːrɑni
kejā,ˈkejɑː
kem,ˈkem
kemmõ,ˈkemːə
käsk,ˈkæsk
kerīkšõ,ˈkeriːkʃə
kerk,ˈkerk
ke’ržõ,ˈkeˀrʒə
ke’ž,ˈkeˀʒ
käpā,ˈkæpɑː
käskõ,ˈkæskə
kēņiɡ,ˈkeːɲiɡ
kärmi,ˈkærmi
keijõ,ˈkeijə
kēra,ˈkeːrɑ
kēja,ˈkeːjɑ
kēratõks,ˈkeːrɑtəks
kēratõ,ˈkeːrɑtə
kibār,ˈkibɑːr
ki’bḑi,ˈkiˀbɟi
kidūd,ˈkiduːd
kierā,ˈkierɑː
kie’ddõr,ˈkieˀdːər
kēravīț,ˈkeːrɑviːc
kieuž,ˈkieuʒ
kie’v,ˈkieˀv
kievād,ˈkievɑːd
kēk,ˈkeːk
kierdõ,ˈkierdə
kik,ˈkik
kikīm,ˈkikiːm
ki’l,ˈkiˀl
kil,ˈkil
kilā,ˈkilɑː
kild,ˈkild
ki’lɡõ,ˈkiˀlɡə
kilɡõ,ˈkilɡə
kēv,ˈkeːv
kierdi,ˈkierdi
kilɡsõ,ˈkilɡsə
kilmõ,ˈkilmə
kiļ,ˈkiʎ
kiļb,ˈkiʎb
kiļɡ,ˈkiʎɡ
kimdõ,ˈkimdə
kievām,ˈkievɑːm
kimmõz,ˈkimːəz
kindõ,ˈkində
kino,ˈkino
kilɡstõ,ˈkilɡstə
ki’r,ˈkiˀr
kirb,ˈkirb
kirt,ˈkirt
kiņņõ,ˈkiɲːə
kiršt,ˈkirʃt
kistāntõ,ˈkistɑːntə
kitkõ,ˈkitkə
killõ,ˈkilːə
ki’llõ,ˈkiˀlːə
kitsāstiz,ˈkitsɑːstiz
kis,ˈkis
kimp,ˈkimp
ki’zlõ,ˈkiˀzlə
kīebi,ˈkiːebi
kiršõmǭŗa,ˈkirʃəmɒːrʲɑ
kistõ,ˈkistə
kīeldõ,ˈkiːeldə
kīerõ,ˈkiːerə
kīetõ,ˈkiːetə
kī’l,ˈkiːˀl
kīlma,ˈkiːlmɑ
kīedõ,ˈkiːedə
kīļaz,ˈkiːʎɑz
kīndaz,ˈkiːndɑz
kīela,ˈkiːelɑ
kittõb,ˈkitːəb
kīnõmǭ,ˈkiːnəmɒː
kīntš,ˈkiːnt͡ʃ
kīndabǟ,ˈkiːndɑbæː
kīņḑõlpǟva,ˈkiːɲɟəlpæːvɑ
kīņḑõļkū,ˈkiːɲɟəʎkuː
kīndõrbū,ˈkiːndərbuː
kīņtš,ˈkiːɲt͡ʃ
kīraz,ˈkiːrɑz
kīņ,ˈkiːɲ
kīļ,ˈkiːʎ
kītõks,ˈkiːtəks
kīlmakū,ˈkiːlmɑkuː
kīņḑõl,ˈkiːɲɟəl
kīskõ,ˈkiːskə
klūk,ˈkluːk
klūostõr,ˈkluːostər
knīplōka,ˈkniːploːkɑ
ko’ɡɡõrz,ˈkoˀɡːərz
ko’ɡtõ,ˈkoˀɡtə
kok,ˈkok
koks,ˈkoks
knaš,ˈknɑʃ
kontsert,ˈkontsert
kouɡi,ˈkouɡi
kouš,ˈkouʃ
kīvit,ˈkiːvit
kītõbsõnā,ˈkiːtəbsɯnɑː
kovāl,ˈkovɑːl
kovālõz,ˈkovɑːləz
kouvõ,ˈkouvə
konferents,ˈkonferents
kouv,ˈkouv
kǭ’dõkskimdõz,ˈkɒːˀdəkskimdəz
kǭ’dõkssadāz,ˈkɒːˀdəkssɑdɑːz
kǭ’dõkstuoistõnz,ˈkɒːˀdəkstuoistənz
kǭ’dsadāz,ˈkɒːˀdsɑdɑːz
kōɡaz,ˈkoːɡɑz
kǭ’dtuoistõnz,ˈkɒːˀdtuoistənz
kovālstiz,ˈkovɑːlstiz
kǭj,ˈkɒːj
kǭ’dõks,ˈkɒːˀdəks
kǭ’ļõ,ˈkɒːˀʎə
kǭma,ˈkɒːmɑ
kǭmal,ˈkɒːmɑl
kǭņim,ˈkɒːɲim
kǭņtš,ˈkɒːɲt͡ʃ
kōp,ˈkoːp
kōɡi,ˈkoːɡi
kǭ’dkimdõz,ˈkɒːˀdkimdəz
kǭra,ˈkɒːrɑ
kǭ’dõkstuoistõn,ˈkɒːˀdəkstuoistən
kǭ’skõ,ˈkɒːˀskə
kǭ’tõ,ˈkɒːˀtə
kōsta,ˈkoːstɑ
kǭv,ˈkɒːv
kõ’ddõrz,ˈkɯˀdːərz
kõ’l,ˈkɯˀl
kõlā,ˈkɯlɑː
kōpmīez,ˈkoːpmiːez
kõlbõ,ˈkɯlbə
kõps,ˈkɯps
kõm,ˈkɯm
kǭr,ˈkɒːr
kǭrtõz,ˈkɒːrtəz
kõvīst,ˈkɯviːst
kõzīņtõ,ˈkɯziːɲtə
kõ’zzi,ˈkɯˀzːi
kȭlbatõ,ˈkɯːlbɑtə
kȭļim,ˈkɯːʎim
kȭļimkū,ˈkɯːʎimkuː
kȭnka,ˈkɯːnkɑ
kȭrda,ˈkɯːrdɑ
kõzā,ˈkɯzɑː
kȭvaz,ˈkɯːvɑz
krämp,ˈkræmp
krõbīž,ˈkrɯbiːʒ
krupā,ˈkrupɑː
kruțk,ˈkruck
krūoɡõ,ˈkruːoɡə
krūz,ˈkruːz
kȭidaz,ˈkɯːidɑz
kȭr,ˈkɯːr
ku,ˈku
ku’d,ˈkuˀd
kud,ˈkuˀd
kui,ˈkui
ku’bbõ,ˈkuˀbːə
kramā,ˈkrɑmɑː
kukki,ˈkukːi
kukkõ,ˈkukːə
kukkõr,ˈkukːər
krī’evmǭ,ˈkriːˀevmɒː
kukurūz,ˈkukuruːz
ku’l,ˈkuˀl
ku’bs,ˈkuˀbs
kuldīɡ,ˈkuldiːɡ
kummit,ˈkumːit
kuļ,ˈkuʎ
kuijõ,ˈkuijə
kuņšt,ˈkuɲʃt
kukkõrz,ˈkukːərz
kuņtš,ˈkuɲt͡ʃ
kuodāj,ˈkuodɑːj
kunāɡõst,ˈkunɑːɡəst
kunā,ˈkunɑː
kuoi,ˈkuoi
kuolm,ˈkuolm
kuolmi,ˈkuolmi
kuolmiņ,ˈkuolmiɲ
kuodā,ˈkuodɑː
kuolmõndpǟva,ˈkuolməndpæːvɑ
kuolmkimdõ,ˈkuolmkimdə
kuolmtuoistõn,ˈkuolmtuoistən
kultūr,ˈkultuːr
kuorbõ,ˈkuorbə
kuolmtuoistõnz,ˈkuolmtuoistənz
kuolmkimdõz,ˈkuolmkimdəz
kuolmsadāz,ˈkuolmsɑdɑːz
kuorrõl,ˈkuorːəl
kuo’ndõ,ˈkuoˀndə
kuondõ,ˈkuondə
kuostõ,ˈkuostə
kuolmõz,ˈkuolməz
kuoț,ˈkuoc
kuotkānõz,ˈkuotkɑːnəz
kuppõnsēmḑa,ˈkupːənseːmɟɑ
kuo’nnõ,ˈkuoˀnːə
kurā,ˈkurɑː
kurāmǭ,ˈkurɑːmɒː
kurɡ,ˈkurɡ
kupšā,ˈkupʃɑː
kurɡmǭŗa,ˈkurɡmɒːrʲɑ
kuordist,ˈkuordist
ku’rmǭ,ˈkuˀrmɒː
kurk,ˈkurk
kus,ˈkus
kuskis,ˈkuskis
kuțā,ˈkucɑː
ku’zzõ,ˈkuˀzːə
kū,ˈkuː
kūdtuoistõnz,ˈkuːdtuoistənz
kurli,ˈkurli
kūja,ˈkuːjɑ
kuoštrõɡ,ˈkuoʃtrəɡ
kūlda,ˈkuːldɑ
kūdsadāz,ˈkuːdsɑdɑːz
kūlõ,ˈkuːlə
kūjastõ,ˈkuːjɑstə
kū’oḑõn,ˈkuːˀoɟən
kūoiba,ˈkuːoibɑ
kūok,ˈkuːok
kūolka,ˈkuːolkɑ
kutsõ,ˈkutsə
kūolka nanā,ˈkuːolkɑnɑnɑː
kūolka kõlā,ˈkuːolkɑkɯlɑː
kūolõm,ˈkuːoləm
kūolõ,ˈkuːolə
kūolta,ˈkuːoltɑ
kūoltõ,ˈkuːoltə
kūmi,ˈkuːmi
kūorald,ˈkuːorɑld
kūoral,ˈkuːorɑl
kūortiļ,ˈkuːortiʎ
kūoŗ,ˈkuːorʲ
kūoŗ,ˈkuːorʲ
kūož,ˈkuːoʒ
kūrna,ˈkuːrnɑ
kūzõ,ˈkuːzə
kū’zõ,ˈkuːˀzə
kūž,ˈkuːʒ
kūžkimdõ,ˈkuːʒkimdə
kūoŗštõ,ˈkuːorʲʃtə
kūžsadā,ˈkuːʒsɑdɑː
labā,ˈlɑbɑː
ladā,ˈlɑdɑː
la’ɡdõ,ˈlɑˀɡdə
la’ɡɡõ,ˈlɑˀɡːə
kūora,ˈkuːorɑ
la’ɡtõ,ˈlɑˀɡtə
laint,ˈlɑint
kūoršõn,ˈkuːorʃən
kūorbastõ,ˈkuːorbɑstə
kūžtuoistõn,ˈkuːʒtuoistən
la’ɡɡõd,ˈlɑˀɡːəd
lamātõks,ˈlɑmɑːtəks
lamp,ˈlɑmp
land,ˈlɑnd
laid,ˈlɑid
l,l
lakt,ˈlɑkt
lapsvȱidaji,ˈlɑpsvɤːidɑji
laskõ,ˈlɑskə
lastā,ˈlɑstɑː
laiɡā,ˈlɑiɡɑː
lāiska,ˈlɑːiskɑ
lāmbaz,ˈlɑːmbɑz
lä’b,ˈlæˀb
lakād,ˈlɑkɑːd
lä’bbõ,ˈlæˀbːə
lä’bǭ’rõn,ˈlæˀbɒːˀrən
läpš,ˈlæpʃ
lapsttarā,ˈlɑpsttɑrɑː
läul,ˈlæul
lask,ˈlɑsk
lǟlamstiz,ˈlæːlɑmstiz
laš,ˈlɑʃ
lä’bḑi,ˈlæˀbɟi
le’b,ˈleˀb
le’bbõ,ˈleˀbːə
leišmǭ,ˈleiʃmɒː
lāipa,ˈlɑːipɑ
lānɡa,ˈlɑːnɡɑ
lǟtšõz,ˈlæːt͡ʃəz
lešknai,ˈleʃknɑi
lejāvõtāmõd,ˈlejɑːvɯtɑːməd
lețmǭ,ˈlecmɒː
le’žɡõl,ˈleˀʒɡəl
lēbavīļa,ˈleːbɑviːʎɑ
lē’ḑkū,ˈleːˀɟkuː
lē’ḑ,ˈleːˀɟ
lēḑ,ˈleːɟ
lē’mi,ˈleːˀmi
lǟ’nd,ˈlæːˀnd
li’d,ˈliˀd
lieɡā,ˈlieɡɑː
lieppõ,ˈliepːə
liestā,ˈliestɑː
lem,ˈlem
likkõ,ˈlikːə
liktõ,ˈliktə
lilla,ˈlilːɑ
lešk,ˈleʃk
liepā,ˈliepɑː
linā,ˈlinɑː
lind,ˈlind
līdõ,ˈliːdə
lipšõ,ˈlipʃə
lieudõ,ˈlieudə
līedõɡ,ˈliːedəɡ
lī’edna’ɡɡõrz,ˈliːˀednɑˀɡːərz
līem,ˈliːem
lī’ekõni’m,ˈliːˀekəniˀm
līenõ,ˈliːenə
li’bḑi,ˈliˀbɟi
li’ɡɡõ,ˈliˀɡːə
lipīņtõ,ˈlipiːɲtə
lī’ebi,ˈliːˀebi
līti,ˈliːti
līst,ˈliːst
lī’edpū,ˈliːˀedpuː
lonkõ,ˈlonkə
lop,ˈlop
lopāndõks,ˈlopɑːndəks
līvli,ˈliːvli
loptõ,ˈloptə
loppõ,ˈlopːə
louɡõ,ˈlouɡə
loul,ˈloul
loutš,ˈlout͡ʃ
loulõ,ˈloulə
lovā,ˈlovɑː
lōda,ˈloːdɑ
loļ,ˈloʎ
lōlaji,ˈloːlɑji
lōlatõ,ˈloːlɑtə
līvõmǭ,ˈliːvəmɒː
lǭ’nõz,ˈlɒːˀnəz
lǭ’tšõz,ˈlɒːˀt͡ʃəz
louɡli,ˈlouɡli
lõks,ˈlɯks
lõuɡlõ,ˈlɯuɡlə
lǭja,ˈlɒːjɑ
lȭiɡa,ˈlɯːiɡɑ
lȭinaɡ,ˈlɯːinɑɡ
lȭinaɡstāiɡa,ˈlɯːinɑɡstɑːiɡɑ
lȭtstõ,ˈlɯːtstə
lubā,ˈlubɑː
lu’ɡdõbrǭntõz,ˈluˀɡdəbrɒːntəz
lǭņtš,ˈlɒːɲt͡ʃ
lu’ɡsõnā,ˈluˀɡsɯnɑː
lu’ɡ,ˈluˀɡ
lu’m,ˈluˀm
luškõz,ˈluʃkəz
lutārusk,ˈlutɑːrusk
lū,ˈluː
lūdõ,ˈluːdə
lȭinaɡizt,ˈlɯːinɑɡizt
lu’ɡɡõ,ˈluˀɡːə
lūoima,ˈluːoimɑ
lūk,ˈluːk
lu’mmi,ˈluˀmːi
lūomõz,ˈluːoməz
lū’ž,ˈluːˀʒ
lūod,ˈluːod
luoik,ˈluoik
m,m
lūom,ˈluːom
ma,ˈmɑ
lūotõ,ˈluːotə
ma’ɡ,ˈmɑˀɡ
ma’ɡḑi,ˈmɑˀɡɟi
ma’ɡḑõ,ˈmɑˀɡɟə
maiɡāz,ˈmɑiɡɑːz
maij,ˈmɑij
madāli,ˈmɑdɑːli
makstõd,ˈmɑkstəd
mantõl,ˈmɑntəl
ma’ņņõ,ˈmɑˀɲːə
mattõ,ˈmɑtːə
mašīn,ˈmɑʃiːn
maits,ˈmɑits
mä’ɡ,ˈmæˀɡ
maksõ,ˈmɑksə
maitsõ,ˈmɑitsə
märɡõ,ˈmærɡə
mä’ɡɡõrz,ˈmæˀɡːərz
mätāl,ˈmætɑːl
mǟ’dlõ,ˈmæːˀdlə
mänd,ˈmænd
madāltõ,ˈmɑdɑːltə
me’r,ˈmeˀr
me’rdõ,ˈmeˀrdə
maks,ˈmɑks
mēɡ,ˈmeːɡ
midāɡõd,ˈmidɑːɡəd
mänɡõ,ˈmænɡə
mie’r,ˈmieˀr
mie’rmīez,ˈmieˀrmiːez
mikš,ˈmikʃ
miljon,ˈmiljon
minā,ˈminɑː
minɡi,ˈminɡi
me’ž,ˈmeˀʒ
mis,ˈmis
mie’rnaiɡā,ˈmieˀrnɑiɡɑː
minɡizkõrd,ˈminɡizkɯrd
mitskimdõ,ˈmitskimdə
mīedõ,ˈmiːedə
mīdõ,ˈmiːdə
mīez,ˈmiːez
mits,ˈmits
mīɡõ,ˈmiːɡə
mīm,ˈmiːm
mīņa,ˈmiːɲɑ
moskov,ˈmoskov
mǭ’dõ,ˈmɒːˀdə
mǭdõ,ˈmɒːdə
mi’ɡriki,ˈmiˀɡriki
mǭɡõr,ˈmɒːɡər
minūt,ˈminuːt
mǭl,ˈmɒːl
mitš,ˈmit͡ʃ
mittõ,ˈmitːə
mǭŗa,ˈmɒːrʲɑ
mǭškõz,ˈmɒːʃkəz
moldov,ˈmoldov
mȯistli,ˈmɤistli
mǭnikā,ˈmɒːnikɑː
mȯ’jjõ,ˈmɤˀjːə
mȯ’lmõd,ˈmɤˀlməd
mõɡā,ˈmɯɡɑː
mõltsi,ˈmɯltsi
mõ’ŗžõ,ˈmɯˀrʲʒə
mǭ’zõ,ˈmɒːˀzə
mīrtõ,ˈmiːrtə
mõtsā,ˈmɯtsɑː
mǭļțõ,ˈmɒːʎcə
mȯistõ,ˈmɤistə
mõtūks,ˈmɯtuːks
mõtlõ,ˈmɯtlə
mȭka,ˈmɯːkɑ
mȭk,ˈmɯːk
mȭrda,ˈmɯːrdɑ
mudā,ˈmudɑː
mu’idlõ,ˈmuˀidlə
mõiti,ˈmɯiti
mõtkõz,ˈmɯtkəz
mulk,ˈmulk
munā,ˈmunɑː
murdõ,ˈmurdə
murīkšõ,ˈmuriːkʃə
mu’rri,ˈmuˀrːi
mu’rrõ,ˈmuˀrːə
mu’r,ˈmuˀr
mustā,ˈmustɑː
mu’rtõ,ˈmuˀrtə
mū,ˈmuː
mu’džõ,ˈmuˀdʒə
mūliņ,ˈmuːliɲ
mu’ŗŗõ,ˈmuˀrʲːə
muskant,ˈmuskɑnt
mūpõ,ˈmuːpə
mūtõ,ˈmuːtə
n,n
na’ɡɡõl,ˈnɑˀɡːəl
mūlda,ˈmuːldɑ
na’ɡɡõrz,ˈnɑˀɡːərz
na’ɡrõ,ˈnɑˀɡrə
muzīk,ˈmuziːk
nai,ˈnɑi
nanā,ˈnɑnɑː
nä,ˈnæ
nä’ɡ,ˈnæˀɡ
nä’ɡțõ,ˈnæˀɡcə
mustānum,ˈmustɑːnum
närā,ˈnærɑː
mūndakõrd,ˈmuːndɑkɯrd
nanāǭ’rõn,ˈnɑnɑːɒːˀrən
nǟlɡastõ,ˈnæːlɡɑstə
nä’ɡțõb,ˈnæˀɡcəb
ne,ˈne
närv,ˈnærv
ne’ije’n,ˈneˀijeˀn
na’ɡɡõr,ˈnɑˀɡːər
ne’iku,ˈneˀiku
ne’isiz,ˈneˀisiz
neitst,ˈneitst
neitški,ˈneit͡ʃki
neļļõz,ˈneʎːəz
nemē,ˈnemeː
nēḑi,ˈneːɟi
nēļa,ˈneːʎɑ
nǟr,ˈnæːr
nǟlɡa,ˈnæːlɡɑ
nēļatuoistõn,ˈneːʎɑtuoistən
nǟ,ˈnæː
nētša,ˈneːt͡ʃɑ
nǟ’dõ,ˈnæːˀdə
ni’ɡļiki,ˈniˀɡʎiki
ne’i,ˈneˀi
ni’msõnā,ˈniˀmsɯnɑː
ni,ˈni
niŗț,ˈnirʲc
ni’zzõz,ˈniˀzːəz
nīdõd,ˈniːdəd
nīel,ˈniːel
ni’mtõ,ˈniˀmtə
nīņ,ˈniːɲ
nīsk,ˈniːsk
ni’zzi,ˈniˀzːi
nēļasadāz,ˈneːʎɑsɑdɑːz
nīerõz,ˈniːerəz
nītõ,ˈniːtə
nīžõ,ˈniːʒə
no,ˈno
nodāl,ˈnodɑːl
nīskõ,ˈniːskə
nīelõ,ˈniːelə
norvēɡmǭ,ˈnorveːɡmɒː
nīlba,ˈniːlbɑ
novembõr,ˈnovembər
no’vvõ,ˈnoˀvːə
nǭ’ɡi,ˈnɒːˀɡi
nǭ’ɡõ,ˈnɒːˀɡə
nǭļa,ˈnɒːʎɑ
norvēɡij,ˈnorveːɡij
nõ’ddõr,ˈnɯˀdːər
nõ’ɡɡõl,ˈnɯˀɡːəl
nīnõ,ˈniːnə
nõtkõ,ˈnɯtkə
nõtkõm,ˈnɯtkəm
nõ’v,ˈnɯˀv
nǭ’võ,ˈnɒːˀvə
nȭŗka,ˈnɯːrʲkɑ
nīž,ˈniːʒ
num,ˈnum
nummõrz,ˈnumːərz
nõ’rrõ,ˈnɯˀrːə
nuŗm,ˈnurʲm
nustõ,ˈnustə
nuššõ,ˈnuʃːə
no’uɡõd,ˈnoˀuɡəd
nukkõr,ˈnukːər
nūoŗ,ˈnuːorʲ
nūoŗimi,ˈnuːorʲimi
nūoŗkū,ˈnuːorʲkuː
nȭrka,ˈnɯːrkɑ
nujā,ˈnujɑː
nūoŗpǭŗ,ˈnuːorʲpɒːrʲ
nūoļ,ˈnuːoʎ
nūškõ,ˈnuːʃkə
nūoŗmīez,ˈnuːorʲmiːez
nurīkšõ,ˈnuriːkʃə
ņäpā,ˈɲæpɑː
obāļi,ˈobɑːʎi
obāz,ˈobɑːz
o’bbõ,ˈoˀbːə
oksā,ˈoksɑː
okš,ˈokʃ
oktōbõr,ˈoktoːbər
o,o
opātõ,ˈopɑːtə
oppõ,ˈopːə
nūzõ,ˈnuːzə
ortoɡrāfij,ˈortoɡrɑːfij
nūrka,ˈnuːrkɑ
ouki,ˈouki
oppõr,ˈopːər
ouŗõ,ˈourʲə
outō,ˈoutoː
ouk,ˈouk
optõbrǭntõz,ˈoptəbrɒːntəz
outõ,ˈoutə
ovār,ˈovɑːr
ovāt,ˈovɑːt
ouɡust,ˈouɡust
o’unõz,ˈoˀunəz
ō,oː
ǭbõ,ˈɒːbə
o’vstõ,ˈoˀvstə
o’v,ˈoˀv
ǭ’ɡi,ˈɒːˀɡi
ǭ’biļ,ˈɒːˀbiʎ
ǭla,ˈɒːlɑ
o’vstõd,ˈoˀvstəd
ǭrali,ˈɒːrɑli
ǭļaz,ˈɒːʎɑz
ǭ’j,ˈɒːˀj
ǭz,ˈɒːz
ȯ,ɤ
ȱ,ɤː
õ,ɯ
õ’bbi,ˈɯˀbːi
õ’bdi,ˈɯˀbdi
õ’bdõ,ˈɯˀbdə
õiɡi,ˈɯiɡi
õiɡiz,ˈɯiɡiz
õ’ldzõ,ˈɯˀldzə
ōda,ˈoːdɑ
ǭ’dõrz,ˈɒːˀdərz
ȭ,ɯː
õvā,ˈɯvɑː
ȭ’dõɡ,ˈɯːˀdəɡ
ȭ’dõn,ˈɯːˀdən
ǭ’v,ˈɒːˀv
ȭlma,ˈɯːlmɑ
ȭrikšõ,ˈɯːrikʃə
p,p
pa,ˈpɑ
padā,ˈpɑdɑː
ȭn,ˈɯːn
paɡānõz,ˈpɑɡɑːnəz
pa’ɡɡõ,ˈpɑˀɡːə
pa’ɡɡõl,ˈpɑˀɡːəl
painõ,ˈpɑinə
ȭŗõ,ˈɯːrʲə
paistõ,ˈpɑistə
paizõ,ˈpɑizə
ȭ’dõɡizt,ˈɯːˀdəɡizt
pakānd,ˈpɑkɑːnd
palā,ˈpɑlɑː
palāndõks,ˈpɑlɑːndəks
paḑā,ˈpɑɟɑː
palɡ,ˈpɑlɡ
paldīņ,ˈpɑldiːɲ
pa’ɡ,ˈpɑˀɡ
pan,ˈpɑn
pallõ,ˈpɑlːə
pa’llõ,ˈpɑˀlːə
pankok,ˈpɑnkok
pappõl,ˈpɑpːəl
palkõ,ˈpɑlkə
parāndõ,ˈpɑrɑːndə
parāntõ,ˈpɑrɑːntə
pandõks,ˈpɑndəks
partitīv,ˈpɑrtitiːv
paŗīm,ˈpɑrʲiːm
paŗī,ˈpɑrʲiː
paskāndõ,ˈpɑskɑːndə
paŗīmstiz,ˈpɑrʲiːmstiz
papīer,ˈpɑpiːer
paņ,ˈpɑɲ
pat,ˈpɑt
patšõ,ˈpɑt͡ʃə
partikõl,ˈpɑrtikəl
pāika,ˈpɑːikɑ
pālka,ˈpɑːlkɑ
pānda,ˈpɑːndɑ
pārdaz,ˈpɑːrdɑz
pa’ŗ,ˈpɑˀrʲ
pāvest,ˈpɑːvest
päkā,ˈpækɑː
past,ˈpɑst
pä’zzõ,ˈpæˀzːə
pǟ,ˈpæː
pǟɡiņ,ˈpæːɡiɲ
pārmaz,ˈpɑːrmɑz
pǟɡiņlu’ɡ,ˈpæːɡiɲluˀɡ
pästõ,ˈpæstə
pärsōn,ˈpærsoːn
patli,ˈpɑtli
pǟrna,ˈpæːrnɑ
pǟva,ˈpæːvɑ
pațīkmǭ,ˈpɑciːkmɒː
pǟva,ˈpæːvɑ
pǟlõ,ˈpæːlə
pǟvalūojimi,ˈpæːvɑluːojimi
pǟvaļikki,ˈpæːvɑʎikːi
pālkali,ˈpɑːlkɑli
pǟvasidām,ˈpæːvɑsidɑːm
pǟrnov,ˈpæːrnov
peppiņd,ˈpepːiɲd
pǟvava’l,ˈpæːvɑvɑˀl
pešlinki,ˈpeʃlinki
pē’ɡõz,ˈpeːˀɡəz
pēɡal,ˈpeːɡɑl
pi’ddõ,ˈpiˀdːə
pi’ddõz,ˈpiˀdːəz
piḑīm,ˈpiɟiːm
pi’ds,ˈpiˀds
pe’rri,ˈpeˀrːi
pie’rrõ,ˈpieˀrːə
pierz,ˈpierz
peijõd,ˈpeijəd
pietk,ˈpietk
perīmīez,ˈperiːmiːez
piezā,ˈpiezɑː
piettõ,ˈpietːə
pi’mdiņtõ,ˈpiˀmdiɲtə
pi’mdõ,ˈpiˀmdə
pi’ņ,ˈpiˀɲ
pierā,ˈpierɑː
pietūks,ˈpietuːks
piškivīļa,ˈpiʃkiviːʎɑ
pipā,ˈpipɑː
pitkā,ˈpitkɑː
pitkittē’ḑ,ˈpitkitteːˀɟ
pitrõɡ,ˈpitrəɡ
piļļi,ˈpiʎːi
pi’v,ˈpiˀv
pivā,ˈpivɑː
pivākuodā,ˈpivɑːkuodɑː
piɡā,ˈpiɡɑː
pivāpǟva,ˈpivɑːpæːvɑ
pivāstõ,ˈpivɑːstə
pizā,ˈpizɑː
pīedrõb,ˈpiːedrəb
pīendrõks,ˈpiːendrəks
pīenti,ˈpiːenti
pīentõ,ˈpiːentə
pippõr,ˈpipːər
pitkit,ˈpitkit
pīk,ˈpiːk
pīer,ˈpiːer
pīki,ˈpiːki
pīkstõ,ˈpiːkstə
pī’ldzi,ˈpiːˀldzi
pīertõ,ˈpiːertə
pī’lɡõmǭŗa,ˈpiːˀlɡəmɒːrʲɑ
pī’lɡõz,ˈpiːˀlɡəz
pīlpaz,ˈpiːlpɑz
pīraɡ,ˈpiːrɑɡ
pīrɡal,ˈpiːrɡɑl
pīsk,ˈpiːsk
pī’lõ,ˈpiːˀlə
pīerõ,ˈpiːerə
plēšõd,ˈpleːʃəd
plakā,ˈplɑkɑː
plīț,ˈpliːc
plūm,ˈpluːm
plaɡā,ˈplɑɡɑː
poțā,ˈpocɑː
poukõ,ˈpoukə
pīɡõz,ˈpiːɡəz
portuɡal,ˈportuɡɑl
pīnda,ˈpiːndɑ
pǭļaz,ˈpɒːʎɑz
pīņõ,ˈpiːɲə
pōna,ˈpoːnɑ
pīla,ˈpiːlɑ
portuɡāl,ˈportuɡɑːl
pǭrkimdõ,ˈpɒːrkimdə
pǭțõr,ˈpɒːcər
plǭț,ˈplɒːc
pǭž,ˈpɒːʒ
pǭ’ɡõz,ˈpɒːˀɡəz
pȯis,ˈpɤis
pȯiški,ˈpɤiʃki
pȯlɡõ,ˈpɤlɡə
pȯļtõ,ˈpɤʎtə
pȯrt,ˈpɤrt
pȯ’j,ˈpɤˀj
põ’ddõrz,ˈpɯˀdːərz
põnkt,ˈpɯnkt
põnktõ,ˈpɯnktə
põrm,ˈpɯrm
põŗɡõ,ˈpɯrʲɡə
pȭda,ˈpɯːdɑ
põrmstõ,ˈpɯrmstə
pȭrna,ˈpɯːrnɑ
pȯimõ,ˈpɤimə
pȯ’ddõ,ˈpɤˀdːə
prantšmǭ,ˈprɑnt͡ʃmɒː
pȯsk,ˈpɤsk
pȭzõ,ˈpɯːzə
prepozītsijõ,ˈprepoziːtsijə
priš,ˈpriʃ
pȭrand,ˈpɯːrɑnd
prepozītsij,ˈprepoziːtsij
problēm,ˈprobleːm
projekt,ˈprojekt
prantsūzmǭ,ˈprɑntsuːzmɒː
põŗɡtõ,ˈpɯrʲɡtə
pu’ddõ,ˈpuˀdːə
purāz,ˈpurɑːz
purɡõ,ˈpurɡə
pu’rmõz,ˈpuˀrməz
purōv,ˈpuroːv
pu’rrõ,ˈpuˀrːə
puŗŗõkuo’iɡ,ˈpurʲːəkuoˀiɡ
printsip,ˈprintsip
puskāntõ,ˈpuskɑːntə
pubā,ˈpubɑː
pūdõ,ˈpuːdə
pū’dstõ,ˈpuːˀdstə
pūlka,ˈpuːlkɑ
pūmpar,ˈpuːmpɑr
pūnda,ˈpuːndɑ
pūoɡa,ˈpuːoɡɑ
pū’ois,ˈpuːˀois
pū’oj,ˈpuːˀoj
puțkõz,ˈpuckəz
pū’ojme’r,ˈpuːˀojmeˀr
pūol,ˈpuːol
pūola,ˈpuːolɑ
pusk,ˈpusk
pusk,ˈpusk
pū’ɡõ,ˈpuːˀɡə
pūɡõ,ˈpuːɡə
pū’dõz,ˈpuːˀdəz
pū,ˈpuː
pūoļmǭ,ˈpuːoʎmɒː
pū’ojtõ,ˈpuːˀojtə
pūrdaz,ˈpuːrdɑz
pū’tiļ,ˈpuːˀtiʎ
pūškõ,ˈpuːʃkə
pūolpǟva,ˈpuːolpæːvɑ
pūtõ,ˈpuːtə
r,r
pūoraz,ˈpuːorɑz
ra’bbõ,ˈrɑˀbːə
rabā,ˈrɑbɑː
pūŗitõ,ˈpuːrʲitə
ra’dļõ,ˈrɑˀdʎə
radio,ˈrɑdio
raiɡā,ˈrɑiɡɑː
raiskõ,ˈrɑiskə
pūrmaņ,ˈpuːrmɑɲ
radā,ˈrɑdɑː
pūtõks,ˈpuːtəks
ratstõ,ˈrɑtstə
rattõd,ˈrɑtːəd
razā,ˈrɑzɑː
ra’zzi,ˈrɑˀzːi
rānda,ˈrɑːndɑ
pūvīļa,ˈpuːviːʎɑ
ra’j,ˈrɑˀj
ratsõl,ˈrɑtsəl
rāndali,ˈrɑːndɑli
redīsõz,ˈrediːsəz
rakkõ,ˈrɑkːə
reizõ,ˈreizə
rejā,ˈrejɑː
raņɡ,ˈrɑɲɡ
re’bbi,ˈreˀbːi
repšõz,ˈrepʃəz
repțõ,ˈrepcə
restoran,ˈrestorɑn
rētš,ˈreːt͡ʃ
ri’ddõ,ˈriˀdːə
rie’ɡɡõz,ˈrieˀɡːəz
rǟnka,ˈræːnkɑ
ri’ɡɡi,ˈriˀɡːi
rikāz,ˈrikɑːz
rǟstõz,ˈræːstəz
riktiɡ,ˈriktiɡ
re’ḑḑõl,ˈreˀɟːəl
rink,ˈrink
riek,ˈriek
rinkõ,ˈrinkə
rip,ˈrip
rips,ˈrips
rištjemā,ˈriʃtjemɑː
rištõ,ˈriʃtə
rištusk,ˈriʃtusk
rīdļõ,ˈriːdʎə
rī’j,ˈriːˀj
rišt,ˈriʃt
rī’mõz,ˈriːˀməz
ri’ɡɡilēba,ˈriˀɡːileːbɑ
rīprok,ˈriːprok
rīst,ˈriːst
rīžõ,ˈriːʒə
rīnda,ˈriːndɑ
rīndõks,ˈriːndəks
rikkõ,ˈrikːə
ro’vkuodā,ˈroˀvkuodɑː
rīsõd,ˈriːsəd
ro’vz,ˈroˀvz
ro’vzt,ˈroˀvzt
rǭ’,ˈrɒːˀ
rīɡõ,ˈriːɡə
rīvõ,ˈriːvə
rǭɡõz,ˈrɒːɡəz
rǭ’ɡõz,ˈrɒːˀɡəz
ro’vloul,ˈroˀvloul
rǭstõ,ˈrɒːstə
rǭviņtõ,ˈrɒːviɲtə
rǭɡõd,ˈrɒːɡəd
rōda,ˈroːdɑ
rǭžki,ˈrɒːʒki
rõkāndiji,ˈrɯkɑːndiji
rõk,ˈrɯk
rõ’v,ˈrɯˀv
rõ’ut,ˈrɯˀut
rok,ˈrok
rȭmli,ˈrɯːmli
ru’isk,ˈruˀisk
rumāņmǭ,ˈrumɑːɲmɒː
rumēnij,ˈrumeːnij
rujā,ˈrujɑː
rǭibõ,ˈrɒːibə
rūm,ˈruːm
ruoikõ,ˈruoikə
rū’nõmǭ,ˈruːˀnəmɒː
rūod,ˈruːod
rõkāndõ,ˈrɯkɑːndə
rūoŗ,ˈruːorʲ
rōza,ˈroːzɑ
rū’nõ,ˈruːˀnə
rūotšmǭ,ˈruːot͡ʃmɒː
rūtlimi,ˈruːtlimi
rū’tš,ˈruːˀt͡ʃ
ŗ,rʲ
rȭm,ˈrɯːm
sa,ˈsɑ
ruzū,ˈruzuː
s,s
sa’bbõr,ˈsɑˀbːər
sadāz,ˈsɑdɑːz
sadā,ˈsɑdɑː
rūoiska,ˈruːoiskɑ
sa’ɡdit,ˈsɑˀɡdit
rūoɡõz,ˈruːoɡəz
sa’ɡdõ,ˈsɑˀɡdə
salā,ˈsɑlɑː
salāk,ˈsɑlɑːk
sa’d,ˈsɑˀd
salātõ,ˈsɑlɑːtə
salātõd,ˈsɑlɑːtəd
samā,ˈsɑmɑː
sa’lli,ˈsɑˀlːi
sa’m,ˈsɑˀm
sanɡdõ,ˈsɑnɡdə
sāina,ˈsɑːinɑ
sa’ddõ,ˈsɑˀdːə
sä,ˈsæ
särɡ,ˈsærɡ
salāj,ˈsɑlɑːj
sǟdlõ,ˈsæːdlə
sǟdõ,ˈsæːdə
sǟ’l,ˈsæːˀl
sǟ’ld,ˈsæːˀld
sǟ’lõ,ˈsæːˀlə
saksāmǭ,ˈsɑksɑːmɒː
sǟrna,ˈsæːrnɑ
se,ˈse
seiskimdõ,ˈseiskimdə
seiskimdõz,ˈseiskimdəz
seismi,ˈseismi
seis,ˈseis
salāndõ,ˈsɑlɑːndə
seissadā,ˈseissɑdɑː
seistuoistõn,ˈseistuoistən
seistuoistõnz,ˈseistuoistənz
seļtš,ˈseʎt͡ʃ
seissadāz,ˈseissɑdɑːz
septembõr,ˈseptembər
serbij,ˈserbij
serk,ˈserk
setkimdõ,ˈsetkimdə
sēji,ˈseːji
sēmḑa,ˈseːmɟɑ
sēņ,ˈseːɲ
set,ˈset
sibīrij,ˈsibiːrij
sidām,ˈsidɑːm
sēr,ˈseːr
sidāmli,ˈsidɑːmli
sē’ršõ,ˈseːˀrʃə
sidāmõl,ˈsidɑːməl
si’ddõ,ˈsiˀdːə
siḑīmsõnā,ˈsiɟiːmsɯnɑː
sieɡās,ˈsieɡɑːs
sieldõ,ˈsieldə
sie’ɡɡõ,ˈsieˀɡːə
siepā,ˈsiepɑː
siɡā,ˈsiɡɑː
si’ɡɡõ,ˈsiˀɡːə
si’ɡž,ˈsiˀɡʒ
siɡāvȯzā,ˈsiɡɑːvɤzɑː
si’ɡžkū,ˈsiˀɡʒkuː
siktār,ˈsiktɑːr
silāstõ,ˈsilɑːstə
si’ļ,ˈsiˀʎ
siļɡ,ˈsiʎɡ
si’ldzi,ˈsiˀldzi
siļɡõ,ˈsiʎɡə
seismõz,ˈseisməz
sinā,ˈsinɑː
sintõ,ˈsintə
si’ņņi,ˈsiˀɲːi
sipā,ˈsipɑː
sindõ,ˈsində
sipriki,ˈsipriki
sipšlõ,ˈsipʃlə
siļk,ˈsiʎk
siskõ,ˈsiskə
sitkõz,ˈsitkəz
sitā,ˈsitɑː
sittõ,ˈsitːə
si’z,ˈsiˀz
si’zzõl,ˈsiˀzːəl
sizāl,ˈsizɑːl
si’ž,ˈsiˀʒ
sizāld,ˈsizɑːld
sižāli,ˈsiʒɑːli
sižālikki,ˈsiʒɑːlikːi
sī,ˈsiː
sī’ḑšt,ˈsiːˀɟʃt
sī’ḑõ,ˈsiːˀɟə
sīedõ,ˈsiːedə
sīekõrd,ˈsiːekɯrd
sī’ḑš,ˈsiːˀɟʃ
sīemɡõz,ˈsiːemɡəz
sīemi,ˈsiːemi
sīemnāiɡa,ˈsiːemnɑːiɡɑ
sīemt,ˈsiːemt
sīestõ,ˈsiːestə
sīepierāst,ˈsiːepierɑːst
sīetõ,ˈsiːetə
sīend,ˈsiːend
seļļi,ˈseʎːi
sīɡõz,ˈsiːɡəz
sīezõr,ˈsiːezər
sīkrõɡ,ˈsiːkrəɡ
sīlda,ˈsiːldɑ
sīnõ,ˈsiːnə
sīņõ,ˈsiːɲə
sīlma,ˈsiːlmɑ
sīņõtǟnõ,ˈsiːɲətæːnə
sīpõllōka,ˈsiːpəlloːkɑ
skrõuv,ˈskrɯuv
skrīvõr,ˈskriːvər
sīpõl,ˈsiːpəl
skūol,ˈskuːol
skrūodõr,ˈskruːodər
sīli,ˈsiːli
soɡā,ˈsoɡɑː
smaɡā,ˈsmɑɡɑː
slikțõ,ˈslikcə
so’uɡdõ,ˈsoˀuɡdə
slovēnij,ˈsloveːnij
smēḑ,ˈsmeːɟ
so’v,ˈsoˀv
sovā,ˈsovɑː
so’vtõ,ˈsoˀvtə
sǭdõ,ˈsɒːdə
sǭmaltõ,ˈsɒːmɑltə
sǭņ,ˈsɒːɲ
sǭja,ˈsɒːjɑ
sǭmal,ˈsɒːmɑl
sōna,ˈsoːnɑ
sǭpkõz,ˈsɒːpkəz
sǭra,ˈsɒːrɑ
sǭrmǭ,ˈsɒːrmɒː
sõbrā,ˈsɯbrɑː
sõ’ɡɡõl,ˈsɯˀɡːəl
sǭtõks,ˈsɒːtəks
sǭņõ,ˈsɒːɲə
sǭtõ,ˈsɒːtə
sõnāvīļa,ˈsɯnɑːviːʎɑ
sõstār,ˈsɯstɑːr
sõ’vpivād,ˈsɯˀvpivɑːd
seismõztuoistõnz,ˈseisməztuoistənz
sǟnaɡ,ˈsæːnɑɡ
sõzār,ˈsɯzɑːr
sȭrmõz,ˈsɯːrməz
spāņ,ˈspɑːɲ
spāņmǭ,ˈspɑːɲmɒː
spek,ˈspek
spīeɡiļ,ˈspiːeɡiʎ
spleiš,ˈspleiʃ
spūok,ˈspuːok
spūoļ,ˈspuːoʎ
sõidõ,ˈsɯidə
stǭdõ,ˈstɒːdə
sõnā,ˈsɯnɑː
strǭdõ,ˈstrɒːdə
student,ˈstudent
sõitõ,ˈsɯitə
stuņḑ,ˈstuɲɟ
su’dmaļ,ˈsuˀdmɑʎ
suɡā,ˈsuɡɑː
su’ɡɡõ,ˈsuˀɡːə
suɡīd,ˈsuɡiːd
su’ɡli,ˈsuˀɡli
sõnārǭntõz,ˈsɯnɑːrɒːntəz
sulā,ˈsulɑː
sulātõ,ˈsulɑːtə
sulɡ,ˈsulɡ
su’lli,ˈsuˀlːi
sõ’ɡļõ,ˈsɯˀɡʎə
suodā,ˈsuodɑː
sumār,ˈsumɑːr
su’llõ,ˈsuˀlːə
sušā,ˈsuʃɑː
su’ž,ˈsuˀʒ
su’ɡ,ˈsuˀɡ
sūkõl,ˈsuːkəl
sūo,ˈsuːo
suoŗm,ˈsuorʲm
sūoli,ˈsuːoli
sūoļ,ˈsuːoʎ
sūolõ,ˈsuːolə
sūomli,ˈsuːomli
sūomõmǭ,ˈsuːoməmɒː
sūoņ,ˈsuːoɲ
sūormõks,ˈsuːorməks
sūr,ˈsuːr
sūrkak,ˈsuːrkɑk
sūoŗ,ˈsuːorʲ
suotkõ,ˈsuotkə
sūrli,ˈsuːrli
sva’rrõ,ˈsvɑˀrːə
svinā,ˈsvinɑː
šilt,ˈʃilt
škērõd,ˈʃkeːrəd
š,ʃ
škink,ˈʃkink
šlūik,ˈʃluːik
t,t̪
sūŗit,ˈsuːrʲit
tabātõ,ˈtɑbɑːtə
ta,ˈtɑ
taɡā,ˈtɑɡɑː
ta’bbõ,ˈtɑˀbːə
sūrslõ,ˈsuːrslə
taɡāmūpõ,ˈtɑɡɑːmuːpə
taɡān,ˈtɑɡɑːn
taɡānd,ˈtɑɡɑːnd
ta’ɡɡi,ˈtɑˀɡːi
taibõdakš,ˈtɑibədɑkʃ
taim,ˈtɑim
tajā,ˈtɑjɑː
takā,ˈtɑkɑː
ta’l,ˈtɑˀl
taļ,ˈtɑʎ
ta’lk,ˈtɑˀlk
tapārtõ,ˈtɑpɑːrtə
tappõ,ˈtɑpːə
taplõ,ˈtɑplə
šveits,ˈʃveits
tarāb,ˈtɑrɑːb
taļšpivād,ˈtɑʎʃpivɑːd
ta’ɡɡõ,ˈtɑˀɡːə
tabā,ˈtɑbɑː
tazā,ˈtɑzɑː
ta’zzi,ˈtɑˀzːi
tā’ɡiž,ˈtɑːˀɡiʒ
tabār,ˈtɑbɑːr
tārpali,ˈtɑːrpɑli
tas,ˈtɑs
tämā,ˈtæmɑː
tä’mīezõ,ˈtæˀmiːezə
tämpõ,ˈtæmpə
täpīņtõ,ˈtæpiːɲtə
täs,ˈtæs
tästā,ˈtæstɑː
täsā,ˈtæsɑː
tarā,ˈtɑrɑː
täuž,ˈtæuʒ
tä’v,ˈtæˀv
tǟ’dõks,ˈtæːˀdəks
te’b,ˈteˀb
tǟ’tõ,ˈtæːˀtə
te’ddõr,ˈteˀdːər
tazāntõ,ˈtɑzɑːntə
teib,ˈteib
tarīļ,ˈtɑriːʎ
teļļõ,ˈteʎːə
testament,ˈtestɑment
tēɡ,ˈteːɡ
tē’ḑ,ˈteːˀɟ
tēj,ˈteːj
tēɡal,ˈteːɡɑl
täm,ˈtæm
tä’m,ˈtæˀm
täudõ,ˈtæudə
tienāndõks,ˈtienɑːndəks
tie’nnõ,ˈtieˀnːə
tienū,ˈtienuː
tierāb,ˈtierɑːb
tēriņtõ,ˈteːriɲtə
tierāvīļa,ˈtierɑːviːʎɑ
tei,ˈtei
tieudmīez,ˈtieudmiːez
tēriņtš,ˈteːriɲt͡ʃ
tierōda,ˈtieroːdɑ
ti’ɡtõ,ˈtiˀɡtə
tijā,ˈtijɑː
tijāld,ˈtijɑːld
tikā,ˈtikɑː
tilā,ˈtilɑː
tilbrēḑiɡ,ˈtilbreːɟiɡ
tilkõ,ˈtilkə
tinā,ˈtinɑː
tink,ˈtink
tint,ˈtint
tidār,ˈtidɑːr
tirkmǭ,ˈtirkmɒː
tībõz,ˈtiːbəz
ti’ɡ,ˈtiˀɡ
tī’edõ,ˈtiːˀedə
tī’emizsõnā,ˈtiːˀemizsɯnɑː
tīepǟva,ˈtiːepæːvɑ
tīera,ˈtiːerɑ
tīerat,ˈtiːerɑt
tīe,ˈtiːe
tīetēji,ˈtiːeteːji
tieud,ˈtieud
tīetõ,ˈtiːetə
tīkõ,ˈtiːkə
tī’kõ,ˈtiːˀkə
tīlka,ˈtiːlkɑ
torī,ˈtoriː
touvõaiɡā,ˈtouvəɑiɡɑː
touzõ,ˈtouzə
tikkiž,ˈtikːiʒ
tǭ’dõ,ˈtɒːˀdə
to’vvõ,ˈtoˀvːə
tǭla,ˈtɒːlɑ
tǭ’mi,ˈtɒːˀmi
tōvaz,ˈtoːvɑz
tokš,ˈtokʃ
tõmbõ,ˈtɯmbə
ti’ɡmõd,ˈtiˀɡməd
tī’edõz,ˈtiːˀedəz
tõ’rmõz,ˈtɯˀrməz
tõurõz,ˈtɯurəz
tȭla,ˈtɯːlɑ
tȭlpa,ˈtɯːlpɑ
tȭlza,ˈtɯːlzɑ
tȭra,ˈtɯːrɑ
tȭratõ,ˈtɯːrɑtə
tȭrõks,ˈtɯːrəks
tõuk,ˈtɯuk
tsepļā,ˈtsepʎɑː
tsirp,ˈtsirp
toļ,ˈtoʎ
tsībõrmǭ,ˈtsiːbərmɒː
tsukkõr,ˈtsukːər
tšoļk,ˈt͡ʃoʎk
tubā,ˈtubɑː
tubāe’ḑḑi,ˈtubɑːeˀɟːi
tubāpēļi,ˈtubɑːpeːʎi
tukkõ,ˈtukːə
tu’lbi,ˈtuˀlbi
tulk,ˈtulk
tulūks,ˈtuluːks
tšūrtša,ˈt͡ʃuːrt͡ʃɑ
tu’ļ,ˈtuˀʎ
tu’ļļi,ˈtuˀʎːi
tundõ,ˈtundə
tuņšlõ,ˈtuɲʃlə
tõ’v,ˈtɯˀv
tuoi,ˈtuoi
tuoimiji,ˈtuoimiji
tuoisti,ˈtuoisti
tuoistõn,ˈtuoistən
tuoistõnz,ˈtuoistənz
tuoit,ˈtuoit
tõitõ,ˈtɯitə
tuoitõ,ˈtuoitə
tõvā,ˈtɯvɑː
tus,ˈtus
tõitõks,ˈtɯitəks
tū’ɡõpǟva,ˈtuːˀɡəpæːvɑ
tūima,ˈtuːimɑ
tūlda,ˈtuːldɑ
tūldõ,ˈtuːldə
tsīļ,ˈtsiːʎ
tūļi,ˈtuːʎi
tūļ,ˈtuːʎ
tulkõ,ˈtulkə
tū’oiɡõz,ˈtuːˀoiɡəz
tūoitõɡ,ˈtuːoitəɡ
tukāmǭ,ˈtukɑːmɒː
tū’ontõ,ˈtuːˀontə
tū’ontõz,ˈtuːˀontəz
tūoimki,ˈtuːoimki
tūrɡõz,ˈtuːrɡəz
tūoņ,ˈtuːoɲ
tūrska,ˈtuːrskɑ
ț,c
u’d,ˈuˀd
u,u
uḑā,ˈuɟɑː
uid,ˈuid
tūorõz,ˈtuːorəz
uikõ,ˈuikə
uim,ˈuim
tutkām,ˈtutkɑːm
uktõ,ˈuktə
ulātõ,ˈulɑːtə
ul,ˈul
uldõ,ˈuldə
ullõ,ˈulːə
u’llõ,ˈuˀlːə
ulzāndaji,ˈulzɑːndɑji
uļļi,ˈuʎːi
u’m,ˈuˀm
ukš,ˈukʃ
umāl,ˈumɑːl
umbliji,ˈumbliji
umārz,ˈumɑːrz
umblõ,ˈumblə
u’mmi,ˈuˀmːi
u’mmitsõnā,ˈuˀmːitsɯnɑː
un,ˈun
tū’oḑõ,ˈtuːˀoɟə
u’nnõ,ˈuˀnːə
udār,ˈudɑːr
u’ņ,ˈuˀɲ
u’ņņi,ˈuˀɲːi
urɡõ,ˈurɡə
unɡārmǭ,ˈunɡɑːrmɒː
upāndõ,ˈupɑːndə
ū,uː
ūdāiɡast kū,ˈuːdɑːiɡɑstkuː
ūdõ,ˈuːdə
ū’dõ,ˈuːˀdə
ū’kšõ,ˈuːˀkʃə
uttõ,ˈutːə
ūļ,ˈuːʎ
ūnd,ˈuːnd
ūolõ,ˈuːolə
ūoļ,ˈuːoʎ
ū’oļmõz,ˈuːˀoʎməz
ūomõɡ,ˈuːoməɡ
ūoņdžõl,ˈuːoɲdʒəl
ulzõ,ˈulzə
uskõ,ˈuskə
ūrɡa,ˈuːrɡɑ
ūrma,ˈuːrmɑ
ūsõd,ˈuːsəd
ūška,ˈuːʃkɑ
umbõ,ˈumbə
ūž,ˈuːʒ
ükš,ykʃ
ūžkilā,ˈuːʒkilɑː
vabā,ˈvɑbɑː
vadā,ˈvɑdɑː
v,v
va’dmõl,ˈvɑˀdməl
va’ɡ,ˈvɑˀɡ
vaɡā,ˈvɑɡɑː
va’ɡtõ,ˈvɑˀɡtə
ūdstõ,ˈuːdstə
vai’dlõ,ˈvɑiˀdlə
va’idõ,ˈvɑˀidə
ūm,ˈuːm
va’il,ˈvɑˀil
va’ilõ,ˈvɑˀilə
va’ild,ˈvɑˀild
urīkšõ,ˈuriːkʃə
va’it,ˈvɑˀit
va’itõ,ˈvɑˀitə
vajāɡ,ˈvɑjɑːɡ
vaiɡā,ˈvɑiɡɑː
vakā,ˈvɑkɑː
vaɡāŗ,ˈvɑɡɑːrʲ
vakțõ,ˈvɑkcə
vald,ˈvɑld
valdõ,ˈvɑldə
valktõ,ˈvɑlktə
va’llõ,ˈvɑˀlːə
va’llõ,ˈvɑˀlːə
vabām,ˈvɑbɑːm
vaļmõstõ,ˈvɑʎməstə
vaļmõz,ˈvɑʎməz
vanāǟma,ˈvɑnɑːæːmɑ
vanātǭți,ˈvɑnɑːtɒːci
va’jjõ,ˈvɑˀjːə
va’nbõ,ˈvɑˀnbə
va’nbizt,ˈvɑˀnbizt
vaņšti,ˈvɑɲʃti
va’imi,ˈvɑˀimi
vaps,ˈvɑps
varāld,ˈvɑrɑːld
varāz,ˈvɑrɑːz
vaņțlõ,ˈvɑɲclə
vaim,ˈvɑim
vaŗīkš,ˈvɑrʲiːkʃ
va’ŗtõ,ˈvɑˀrʲtə
va’ŗtõ,ˈvɑˀrʲtə
vastālovā,ˈvɑstɑːlovɑː
vast,ˈvɑst
vastātõ,ˈvɑstɑːtə
vastõ,ˈvɑstə
vastūks,ˈvɑstuːks
vašk,ˈvɑʃk
vaški,ˈvɑʃki
vatsā,ˈvɑtsɑː
vazār,ˈvɑzɑːr
vā’ɡiž,ˈvɑːˀɡiʒ
vālda,ˈvɑːldɑ
vālda me’r,ˈvɑːldɑmeˀr
vāldakrī’evmǭ,ˈvɑːldɑkriːˀevmɒː
vāina,ˈvɑːinɑ
vāldiņ,ˈvɑːldiɲ
va’l,ˈvɑˀl
va’l,ˈvɑˀl
vāldiž,ˈvɑːldiʒ
vāņka,ˈvɑːɲkɑ
vārbaz,ˈvɑːrbɑz
vārza,ˈvɑːrzɑ
vä’ɡɡi,ˈvæˀɡːi
vanā,ˈvɑnɑː
vändõ,ˈvændə
vā’ški,ˈvɑːˀʃki
vǟ’ɡrõ,ˈvæːˀɡrə
vǟ’rõd,ˈvæːˀrəd
värb,ˈværb
veis,ˈveis
veitõ,ˈveitə
veitõmtõ,ˈveitəmtə
ve’jjõ,ˈveˀjːə
vaŗž,ˈvɑrʲʒ
ve’ļ,ˈveˀʎ
ve’l,ˈveˀl
venkõ,ˈvenkə
venk,ˈvenk
vepšõ,ˈvepʃə
verm,ˈverm
vālɡamǭ,ˈvɑːlɡɑmɒː
ve’ržõ,ˈveˀrʒə
ve’r,ˈveˀr
vest,ˈvest
ve’žɡõr,ˈveˀʒɡər
vēļa,ˈveːʎɑ
vēļõ,ˈveːʎə
vēna,ˈveːnɑ
vērbikšõ,ˈveːrbikʃə
vi’b,ˈviˀb
ve’ž,ˈveˀʒ
vidumǭ,ˈvidumɒː
vidūmǭ,ˈviduːmɒː
viedām,ˈviedɑːm
ve’ɡɡi,ˈveˀɡːi
vie’nnõ,ˈvieˀnːə
vientõ,ˈvientə
vežā,ˈveʒɑː
vie’rtõ,ˈvieˀrtə
viɡā,ˈviɡɑː
viɡāli,ˈviɡɑːli
vi’ɡɡõl,ˈviˀɡːəl
vijā,ˈvijɑː
vi’jjõ,ˈviˀjːə
vikārt,ˈvikɑːrt
vi’l,ˈviˀl
villi,ˈvilːi
vä’ztõ,ˈvæˀztə
viļt,ˈviʎt
vindõ,ˈvində
vinɡ,ˈvinɡ
vie’ddõ,ˈvieˀdːə
vi’r,ˈviˀr
vēna,ˈveːnɑ
virɡtõ,ˈvirɡtə
virɡzi,ˈvirɡzi
virɡõ,ˈvirɡə
viettõ,ˈvietːə
vie’ddõl,ˈvieˀdːəl
vinɡõ,ˈvinɡə
vizās,ˈvizɑːs
vi’zzõ,ˈviˀzːə
vīdkimdõz,ˈviːdkimdəz
vībõ,ˈviːbə
virpõļ,ˈvirpəʎ
vīdõz,ˈviːdəz
vīdsadāz,ˈviːdsɑdɑːz
vīdtuoistõnz,ˈviːdtuoistənz
vīerõ,ˈviːerə
vīetšõz,ˈviːet͡ʃəz
vī’ɡõz,ˈviːˀɡəz
vīla,ˈviːlɑ
vīļa,ˈviːʎɑ
vīmba,ˈviːmbɑ
vīdõ,ˈviːdə
vī’mõ,ˈviːˀmə
vīnõ,ˈviːnə
vīnõmǭŗa,ˈviːnəmɒːrʲɑ
vīrba,ˈviːrbɑ
vīrdõɡ,ˈviːrdəɡ
vī’ri,ˈviːˀri
vizākuodā,ˈvizɑːkuodɑː
vīrtša,ˈviːrt͡ʃɑ
vīțsõnā,ˈviːcsɯnɑː
vīžkimdõ,ˈviːʒkimdə
vīžsadā,ˈviːʒsɑdɑː
vitsā,ˈvitsɑː
vīžtuoistõn,ˈviːʒtuoistən
vǭ’dõr,ˈvɒːˀdər
vǭja,ˈvɒːjɑ
vǭjastõ,ˈvɒːjɑstə
vīļakū,ˈviːʎɑkuː
vǭļikšiji,ˈvɒːʎikʃiji
vǭŗ,ˈvɒːrʲ
vǭ’jli,ˈvɒːˀjli
vȯ’ddõrz,ˈvɤˀdːərz
vȯ’dlõ,ˈvɤˀdlə
vȯidõ,ˈvɤidə
vȯiɡõ,ˈvɤiɡə
vȯikõ,ˈvɤikə
vȯiti,ˈvɤiti
vȯjā,ˈvɤjɑː
vȯ’l,ˈvɤˀl
vȯdā,ˈvɤdɑː
vȯļɡ,ˈvɤʎɡ
vȯndzi,ˈvɤndzi
vǭ’,ˈvɒːˀ
vȯrābõz,ˈvɤrɑːbəz
vȯ’lmsõnā,ˈvɤˀlmsɯnɑː
vȯ’ŗki,ˈvɤˀrʲki
vīț,ˈviːc
vȯŗž,ˈvɤrʲʒ
vȯtšõ,ˈvɤt͡ʃə
vȯzā,ˈvɤzɑː
vȯstõ,ˈvɤstə
vȯžā,ˈvɤʒɑː
vȱlda,ˈvɤːldɑ
vȱntsa,ˈvɤːntsɑ
vȱŗa,ˈvɤːrʲɑ
või,ˈvɯi
võidõ,ˈvɯidə
võidõ,ˈvɯidə
võ’l,ˈvɯˀl
vȯi,ˈvɤi
võttõ,ˈvɯtːə
võțīm,ˈvɯciːm
võzā,ˈvɯzɑː
vȭidaɡ,ˈvɯːidɑɡ
vȭlɡa,ˈvɯːlɡɑ
vȭrõz,ˈvɯːrəz
vȱrna,ˈvɤːrnɑ
vȯrūks,ˈvɤruːks
vȭrõzjemā,ˈvɯːrəzjemɑː
zäp,ˈzæp
zēp,ˈzeːp
zilb,ˈzilb
zirmi,ˈzirmi
z,z
zīḑõz,ˈziːɟəz
zīedõz,ˈziːedəz
ykš,ykʃ
zǭiɡõ,ˈzɒːiɡə
zōiɡõ,ˈzɒːiɡə
zup,ˈzup
ǭ,ɒː
ž,ʒ
zǭiɡ,ˈzɒːiɡ
võ’ilõ,ˈvɯˀilə
vȯņ,ˈvɤɲ
vȯrā,ˈvɤrɑː
vȭrõzizā,ˈvɯːrəzizɑː
võrɡõ,ˈvɯrɡə
kārda,ˈkɑːrdɑ
kațki,ˈkɑcki
ka’zzõ,ˈkɑˀzːə
kä’ɡ,ˈkæˀɡ
käp,ˈkæp
kārnaz,ˈkɑːrnɑz
kālmadtarā,ˈkɑːlmɑdtɑrɑː
kenɡmõd,ˈkenɡməd
kenɡõ,ˈkenɡə
kǟ’tõ,ˈkæːˀtə
kenɡšepā,ˈkenɡʃepɑː
kie’ddõrtõ,ˈkieˀdːərtə
kēratiji,ˈkeːrɑtiji
kie’vtõ,ˈkieˀvtə
kiksēņ,ˈkikseːɲ
kērabi,ˈkeːrɑbi
kilɡlū,ˈkilɡluː
kēļ,ˈkeːʎ
kimdõz,ˈkimdəz
ki’ldzi,ˈkiˀldzi
kim,ˈkim
kiužõ,ˈkiuʒə
kitsāz,ˈkitsɑːz
kinā,ˈkinɑː
kittõ,ˈkitːə
ki’v,ˈkiˀv
kī,ˈkiː
kī’lõ,ˈkiːˀlə
kīņḑõljālɡa,ˈkiːɲɟəljɑːlɡɑ
kīndõks,ˈkiːndəks
kītõm,ˈkiːtəm
kīndõr,ˈkiːndər
kle’it,ˈkleˀit
kīv,ˈkiːv
klēibõ,ˈkleːibə
kouɡõl,ˈkouɡəl
kouɡõn,ˈkouɡən
kouɡit,ˈkouɡit
kǭ’dõkskimdõ,ˈkɒːˀdəkskimdə
kǭla,ˈkɒːlɑ
kǭ’dõksmõz,ˈkɒːˀdəksməz
kǭraz,ˈkɒːrɑz
kouți,ˈkouci
kǭzɡõnd,ˈkɒːzɡɯnd
kõ’urõ,ˈkɯˀurə
kõ’r,ˈkɯˀr
kǭŗa,ˈkɒːrʲɑ
kõrd,ˈkɯrd
kõzātõ,ˈkɯzɑːtə
krīzdaɡ,ˈkriːzdɑɡ
kõuvõ,ˈkɯuvə
kõvīstõ,ˈkɯviːstə
ku’b,ˈkuˀb
krǭipa,ˈkrɒːipɑ
ku’llõ,ˈkuˀlːə
ku’ddõ,ˈkuˀdːə
kuņštnikā,ˈkuɲʃtnikɑː
kuo’iɡ,ˈkuoˀiɡ
kuiɡid,ˈkuiɡid
kuolmsadā,ˈkuolmsɑdɑː
kuordõ,ˈkuordə
kuordi,ˈkuordi
kuoŗŗõ,ˈkuorʲːə
kuo’d,ˈkuoˀd
kuŗē,ˈkurʲeː
ku’ž,ˈkuˀʒ
kuosk,ˈkuosk
kūkēra,ˈkuːkeːrɑ
kū’oḑi,ˈkuːˀoɟi
kūdõz,ˈkuːdəz
kūona,ˈkuːonɑ
kūonda,ˈkuːondɑ
kūoļma,ˈkuːoʎmɑ
kūondõ,ˈkuːondə
lakkõ,ˈlɑkːə
laitõ,ˈlɑitə
lanɡõ,ˈlɑnɡə
lǟlamõz,ˈlæːlɑməz
lǟlam,ˈlæːlɑm
latǟrn,ˈlɑtæːrn
lajā,ˈlɑjɑː
la’z,ˈlɑˀz
lǟ’dõ,ˈlæːˀdə
le’žɡli,ˈleˀʒɡli
le’žɡli,ˈleˀʒɡli
leišõmǭ,ˈleiʃəmɒː
lețkēļ,ˈleckeːʎ
lēņtš,ˈleːɲt͡ʃ
lindõ,ˈlində
līnta,ˈliːntɑ
līɡõ,ˈliːɡə
lītiņtõ,ˈliːtiɲtə
lītõld,ˈliːtəld
lītõltõ,ˈliːtəltə
līndamašīn,ˈliːndɑmɑʃiːn
lomāstõ,ˈlomɑːstə
lǭ’ɡstõ,ˈlɒːˀɡstə
louv,ˈlouv
lōka,ˈloːkɑ
lōlami,ˈloːlɑmi
lǭškõz,ˈlɒːʃkəz
lȭɡa,ˈlɯːɡɑ
lōdaǭ’rõn,ˈloːdɑɒːˀrən
lūoltõ,ˈluːoltə
lūotš,ˈluːot͡ʃ
lūodõ,ˈluːodə
ma’ɡɡõ,ˈmɑˀɡːə
märā,ˈmærɑː
lūoltiji,ˈluːoltiji
mänɡ,ˈmænɡ
maksā,ˈmɑksɑː
märts,ˈmærts
ļ,ʎ
mǟtõr,ˈmæːtər
mitikš,ˈmitikʃ
mēļ,ˈmeːʎ
mǟrɡandõ,ˈmæːrɡɑndə
mǟrɡa,ˈmæːrɡɑ
mīeldõ,ˈmiːeldə
mīeldõ,ˈmiːeldə
mǭīlma,ˈmɒːiːlmɑ
mǭ,ˈmɒː
mǭ’,ˈmɒːˀ
mǭmīez,ˈmɒːmiːez
mõtsāizānd,ˈmɯtsɑːizɑːnd
mȯizõ,ˈmɤizə
mǭkierā,ˈmɒːkierɑː
muini,ˈmuini
mõitiz,ˈmɯitiz
mu’ļki,ˈmuˀʎki
mõtsāsiɡā,ˈmɯtsɑːsiɡɑː
murd,ˈmurd
mūnda,ˈmuːndɑ
muškõz,ˈmuʃkəz
mūoštõks,ˈmuːoʃtəks
nädīļ,ˈnædiːʎ
neļļõndpǟva,ˈneʎːəndpæːvɑ
nēļasadā,ˈneːʎɑsɑdɑː
nämād,ˈnæmɑːd
nēļatuoistõnz,ˈneːʎɑtuoistənz
ne’ikuine’i,ˈneˀikuineˀi
ni’m,ˈniˀm
nīski,ˈniːski
nī’em,ˈniːˀem
no’jjõ,ˈnoˀjːə
nēļakimdõ,ˈneːʎɑkimdə
nēļakimdõz,ˈneːʎɑkimdəz
nīt,ˈniːt
nõtk,ˈnɯtk
nominatīv,ˈnominɑtiːv
nǭțõz,ˈnɒːcəz
nõtkāz,ˈnɯtkɑːz
nuttõ,ˈnutːə
nūoŗim,ˈnuːorʲim
nȭŗkõz,ˈnɯːrʲkəz
oksnõ,ˈoksnə
nūoŗkazām,ˈnuːorʲkɑzɑːm
opātiji,ˈopɑːtiji
nūoŗpǭr,ˈnuːorʲpɒːr
o’unõmǭŗa,ˈoˀunəmɒːrʲɑ
outōbus,ˈoutoːbus
oudõ,ˈoudə
ǭra,ˈɒːrɑ
ǭik,ˈɒːik
ǭŗa,ˈɒːrʲɑ
ǭ’rõn,ˈɒːˀrən
o’vpū,ˈoˀvpuː
õ’vvõ,ˈɯˀvːə
õrā,ˈɯrɑː
õ’v,ˈɯˀv
õvātõ,ˈɯvɑːtə
paikõ,ˈpɑikə
paint,ˈpɑint
paɡalam,pɑˈɡɑlɑm
pakkõ,ˈpɑkːə
paļštõ,ˈpɑʎʃtə
ȭɡõ,ˈɯːɡə
ȭ’ɡõ,ˈɯːˀɡə
paprik,ˈpɑprik
paskā,ˈpɑskɑː
paipõl,ˈpɑipəl
pāina,ˈpɑːinɑ
päp,ˈpæp
parāz,ˈpɑrɑːz
pǟɡiņtõ,ˈpæːɡiɲtə
pǟvaīe,ˈpæːvɑiːe
pastõ,ˈpɑstə
peislõ,ˈpeislə
pǟɡiņž,ˈpæːɡiɲʒ
pēļ,ˈpeːʎ
pieksõ,ˈpieksə
piedāɡ,ˈpiedɑːɡ
pilktõ,ˈpilktə
pǟvakarɡimi,ˈpæːvɑkɑrɡimi
piški,ˈpiʃki
pistõ,ˈpistə
pit,ˈpit
pizār,ˈpizɑːr
pīerslõ,ˈpiːerslə
pī’emdõ,ˈpiːˀemdə
pivālind,ˈpivɑːlind
pivāli,ˈpivɑːli
pițki,ˈpicki
polākõz,ˈpolɑːkəz
pǭr,ˈpɒːr
pǭ’mi,ˈpɒːˀmi
pǭŗkimdõ,ˈpɒːrʲkimdə
pǭ’ɡstõ,ˈpɒːˀɡstə
pȯrtõ,ˈpɤrtə
pǭŗ,ˈpɒːrʲ
pȯļļõ,ˈpɤʎːə
pȯiɡõ,ˈpɤiɡə
põzāɡ,ˈpɯzɑːɡ
protsent,ˈprotsent
pȭ’kt,ˈpɯːˀkt
prațțõ,ˈprɑcːə
prīestõr,ˈpriːestər
pūi,ˈpuːi
prūš,ˈpruːʃ
pu’nni,ˈpuˀnːi
pūnɡa,ˈpuːnɡɑ
pūolõ,ˈpuːolə
pūom,ˈpuːom
pū’stõ,ˈpuːˀstə
ra’bdõ,ˈrɑˀbdə
pūošt,ˈpuːoʃt
räukõ,ˈræukə
rāndakēļ,ˈrɑːndɑkeːʎ
ra’ɡdõ,ˈrɑˀɡdə
reņ,ˈreɲ
rēnaz,ˈreːnɑz
rebā,ˈrebɑː
rištīnɡ,ˈriʃtiːnɡ
reiz,ˈreiz
rištizā,ˈriʃtizɑː
rikūz,ˈrikuːz
ri’ɡɡõz,ˈriˀɡːəz
rīț,ˈriːc
rištli,ˈriʃtli
roudi,ˈroudi
rǭntõz,ˈrɒːntəz
rǭziņ,ˈrɒːziɲ
rīpõ,ˈriːpə
rǭz,ˈrɒːz
ro’uɡõz,ˈroˀuɡəz
rūt,ˈruːt
ŗ,rʲ
rūoj,ˈruːoj
rȭskõ,ˈrɯːskə
sa’ɡɡõld,ˈsɑˀɡːəld
salāts,ˈsɑlɑːts
sastā,ˈsɑstɑː
rūostõ,ˈruːostə
sä’dɡõz,ˈsæˀdɡəz
sǟlɡa,ˈsæːlɡɑ
sandrok,ˈsɑndrok
sõ’vvõ,ˈsɯˀvːə
sõ’vvõ,ˈsɯˀvːə
sõ’vvõ,ˈsɯˀvːə
sä’v,ˈsæˀv
sõ’v,ˈsɯˀv
sõ’vlõ,ˈsɯˀvlə
statsij,ˈstɑtsij
sukā,ˈsukɑː
strepīd,ˈstrepiːd
suoimõ,ˈsuoimə
sū,ˈsuː
suoļm,ˈsuoʎm
sūol,ˈsuːol
tarmõ,ˈtɑrmə
suoļɡ,ˈsuoʎɡ
sūrmõd,ˈsuːrməd
tāibaz,ˈtɑːibɑz
tarāvīļa,ˈtɑrɑːviːʎɑ
täutõ,ˈtæutə
tǟnõ,ˈtæːnə
teɡīž,ˈteɡiːʒ
tie’ɡ,ˈtieˀɡ
tieudõ,ˈtieudə
tierā,ˈtierɑː
touvi,ˈtouvi
trink,ˈtrink
tōɡõz,ˈtɒːɡəz
tǭ’ɡõz,ˈtɒːˀɡəz
tuo’dli,ˈtuoˀdli
tup,ˈtup
tū’ɡõ,ˈtuːˀɡə
tomāt,ˈtomɑːt
tūoiznapǟva,ˈtuːoiznɑpæːvɑ
tūodõ,ˈtuːodə
tūoļi,ˈtuːoʎi
tuo’ž,ˈtuoˀʒ
urɡ,ˈurɡ
usk,ˈusk
ūoņõz,ˈuːoɲəz
u’mmistõ,ˈuˀmːistə
va’id,ˈvɑˀid
vaksā,ˈvɑksɑː
ūoņi,ˈuːoɲi
va’rri,ˈvɑˀrːi
vāldame’r,ˈvɑːldɑmeˀr
vakț,ˈvɑkc
vändi,ˈvændi
va’nliki,ˈvɑˀnliki
vǟnta,ˈvæːntɑ
vannõ,ˈvɑnːə
va’nnõ,ˈvɑˀnːə
ve’rri,ˈveˀrːi
ve’žži,ˈveˀʒːi
vie’r,ˈvieˀr
vilkõ,ˈvilkə
vi’llõ,ˈviˀlːə
villõ,ˈvilːə
vī’mkū,ˈviːˀmkuː
vīțõ,ˈviːcə
vīps,ˈviːps
vǭ’jõ,ˈvɒːˀjə
viskõ,ˈviskə
vȯ’zzõ,ˈvɤˀzːə
vīž,ˈviːʒ
vīž,ˈviːʒ
vȯņštõ,ˈvɤɲʃtə
kēratē’ḑ,ˈkeːrɑteːˀɟ
kītõ,ˈkiːtə
kievādkū,ˈkievɑːdkuː
kōɡiņ,ˈkoːɡiɲ
kinō,ˈkinoː
kīš,ˈkiːʃ
kǭrand,ˈkɒːrɑnd
kuldi,ˈkuldi
kǭ’dõkssadā,ˈkɒːˀdəkssɑdɑː
kunāɡid,ˈkunɑːɡid
kuordit,ˈkuordit
kūdkimdõz,ˈkuːdkimdəz
laidõr,ˈlɑidər
krī’evõmǭ,ˈkriːˀevəmɒː
kuo’žžõ,ˈkuoˀʒːə
kū’j,ˈkuːˀj
lejā,ˈlejɑː
kūldõ,ˈkuːldə
līt,ˈliːt
līvõz,ˈliːvəz
lēba,ˈleːbɑ
limā,ˈlimɑː
lõ’vvõ,ˈlɯˀvːə
mõtsākaits,ˈmɯtsɑːkɑits
ļäpā,ˈʎæpɑː
munādkuoț,ˈmunɑːdkuoc
mõlā,ˈmɯlɑː
nabā,ˈnɑbɑː
nǟna,ˈnæːnɑ
ȭ’ɡ,ˈɯːˀɡ
ovāri,ˈovɑːri
ņ,ɲ
nūolõ,ˈnuːolə
pǟldõ,ˈpæːldə
pē’ḑõn,peːˀɟən
ǭ’dõz,ˈɒːˀdəz
pie’zzõ,ˈpieˀzːə
povār,ˈpovɑːr
pǟl,ˈpæːl
pūolīe,ˈpuːoliːe
pierāst,ˈpierɑːst
pūoļ,ˈpuːoʎ
pǭ’dõz,ˈpɒːˀdəz
rēkõ,ˈreːkə
sa’ddõl,ˈsɑˀdːəl
pūŗaz,ˈpuːrʲɑz
ro’v,ˈroˀv
sä’ltõ,ˈsæˀltə
tabāndõks,ˈtɑbɑːndəks
tilp,ˈtilp
tīeažā,ˈtiːeɑʒɑː
sȭira,ˈsɯːirɑ
tašīņtõ,ˈtɑʃiːɲtə
va’imõst,ˈvɑˀiməst
tundtõb,ˈtundtəb
vä’zzõ,ˈvæˀzːə
vä’ɡ,ˈvæˀɡ
viš,ˈviʃ
vizā,ˈvizɑː
ukkõ,ˈukːə
palāɡ,ˈpɑlɑːɡ
lušti,ˈluʃti
proɡram,ˈproɡrɑm
pa’j,ˈpɑˀj
u’ddi,ˈuˀdːi
rūost,ˈruːost
midžā,ˈmidʒɑː
pu’ɡɡõ,ˈpuˀɡːə