word,transcription
spūoļ,/spuːoʎ/
jōtaz,/joːtɑz/
pivāli,/pivɑːli/
lamp,/lɑmp/
nīel,/niːel/
ti’g,/tiˀɡ/
mi’griki,/miˀɡriki/
sõ’vvõ,/səˀvːə/
sīedõ,/siːedə/
reņ,/reɲ/
rǭziņ,/rɒːziɲ/
jelānikā,/jelɑːnikɑː/
škērõd,/ʃkeːrəd/
pu’ddõ,/puˀdːə/
o’vstõd,/oˀvstəd/
sǭja,/sɒːjɑ/
katkismus,/kɑtkismus/
pānda,/pɑːndɑ/
mǟrga,/mæːrɡɑ/
i’llõ,/iˀlːə/
sangdõ,/sɑnɡdə/
jemāsõzār,/jemɑːsəzɑːr/
jǭņpǟvakū,/jɒːɲpæːvɑkuː/
sī,/siː/
artõ,/ɑrtə/
pešlinki,/peʃlinki/
paļštõ,/pɑʎʃtə/
sizāl,/sizɑːl/
va’gtõ,/vɑˀɡtə/
būom,/buːom/
brī,/briː/
tūrska,/tuːrskɑ/
Gipk,/ɡipk/
sī’ḑšt,/siːˀɟʃt/
u’d,/uˀd/
ǭ’j,/ɒːˀj/
vērbikšõ,/veːrbikʃə/
juo,/juo/
langõ,/lɑnɡə/
tämpõ,/tæmpə/
tūoiznapǟva,/tuːoiznɑpæːvɑ/
ä’b,/æˀb/
kērabi,/keːrɑbi/
ki’lgõ,/kiˀlɡə/
ūomõg,/uːoməɡ/
kīndõrbū,/kiːndərbuː/
mä’g,/mæˀɡ/
Lū’ž,/luːˀʒ/
kõ’l,/kəˀl/
i’gmõd,/iˀɡməd/
kǭ’ļõ,/kɒːˀʎə/
su’ggõ,/suˀɡːə/
paņ,/pɑɲ/
mõtkõz,/mətkəz/
jū’rõ,/juːˀrə/
ovāri,/ovɑːri/
kerīkšõ,/keriːkʃə/
nǟ,/næː/
stuņḑ,/stuɲɟ/
su’ggõ,/suˀɡːə/
vīrtša,/viːrt͡ʃɑ/
kaitsõ,/kɑitsə/
lem,/lem/
kilgõ,/kilɡə/
jovātõ,/jovɑːtə/
lä’bǭ’rõn,/læˀbɒːˀrən/
ja’g,/jɑˀɡ/
īnda,/iːndɑ/
sī’ḑõ,/siːˀɟə/
Rumēnij,/rumeːnij/
mingi,/minɡi/
vigā,/viɡɑː/
pie’rrõ,/pieˀrːə/
jūoimi,/juːoimi/
a’bli,/ɑˀbli/
aig,/ɑiɡ/
vālda,/vɑːldɑ/
loutš,/lout͡ʃ/
tazāntõ,/tɑzɑːntə/
te’ddõr,/teˀdːər/
lūoltiji,/luːoltiji/
kālmadtarā,/kɑːlmɑdtɑrɑː/
jo’uļiki,/joˀuʎiki/
lītiņtõ,/liːtiɲtə/
vepšõ,/vepʃə/
vȯ’ddõrz,/vɤˀdːərz/
ū’oļmõz,/uːˀoʎməz/
tus,/tus/
alā,/ɑlɑː/
kāndam,/kɑːndɑm/
pu’rmõz,/puˀrməz/
põŗgtõ,/pərʲɡtə/
vändõ,/vændə/
mūoštõks,/muːoʃtəks/
ku’zzõ,/kuˀzːə/
nūoŗpǭr,/nuːorʲpɒːr/
bakbord,/bɑkbord/
kalādrok,/kɑlɑːdrok/
jeiji,/jeiji/
tieudõ,/tieudə/
vai’dlõ,/vɑiˀdlə/
lu’gdõbrǭntõz,/luˀɡdəbrɒːntəz/
rǭz,/rɒːz/
alīztas,/ɑliːztɑs/
va’rri,/vɑˀrːi/
agā,/ɑɡɑː/
Tsībõrmǭ,/tsiːbərmɒː/
vī’gõz,/viːˀɡəz/
ka’j,/kɑˀj/
kūož,/kuːoʒ/
ū’kšõ,/uːˀkʃə/
pǭļaz,/pɒːʎɑz/
lamātõks,/lɑmɑːtəks/
käskõ,/kæskə/
paldīņ,/pɑldiːɲ/
no’ugõd,/noˀuɡəd/
touvi,/touvi/
kūora,/kuːorɑ/
kuņšt,/kuɲʃt/
na’ggõrz,/nɑˀɡːərz/
Pitrõg,/pitrəɡ/
kejā,/kejɑː/
Belgij,/belɡij/
obāļi,/obɑːʎi/
sizāl,/sizɑːl/
me’rdõ,/meˀrdə/
tǭ’gõz,/tɒːˀɡəz/
sǭdõ,/sɒːdə/
rištõ,/riʃtə/
tint,/tint/
līti,/liːti/
kilglū,/kilɡluː/
kōgiņ,/koːɡiɲ/
pūoļ,/puːoʎ/
peppiņd,/pepːiɲd/
e’žžõmpǟva,/eˀʒːəmpæːvɑ/
no’jjõ,/noˀjːə/
toļ,/toʎ/
puŗŗõkuo’ig,/purʲːəkuoˀiɡ/
tȭlza,/təːlzɑ/
labā,/lɑbɑː/
a’mši,/ɑˀmʃi/
ī’dtuoistõnz,/iːˀdtuoistənz/
lõuglõ,/ləuɡlə/
jei,/jei/
ra’j,/rɑˀj/
izāve’ļ,/izɑːveˀʎ/
kuskis,/kuskis/
vīdsadāz,/viːdsɑdɑːz/
mǭ’dõ,/mɒːˀdə/
kuondõ,/kuondə/
algõd,/ɑlɡəd/
jūodõ,/juːodə/
sēmḑa,/seːmɟɑ/
pä’zzõ,/pæˀzːə/
kūžtuoistõn,/kuːʒtuoistən/
Rūoj,/ruːoj/
vanā,/vɑnɑː/
lūoltõ,/luːoltə/
kakštuoistõn,/kɑkʃtuoistən/
redīsõz,/rediːsəz/
lǟlam,/læːlɑm/
reiz,/reiz/
laid,/lɑid/
vīrba,/viːrbɑ/
brūni,/bruːni/
ükš,/ykʃ/
nēļasadā,/neːʎɑsɑdɑː/
neļļõz,/neʎːəz/
tūļ,/tuːʎ/
īedõ,/iːedə/
skūol,/skuːol/
lōda,/loːdɑ/
ja,/jɑ/
vāina,/vɑːinɑ/
so’ugdõ,/soˀuɡdə/
jūnij,/juːnij/
partitīv,/pɑrtitiːv/
kēratõ,/keːrɑtə/
sūr,/suːr/
āndõks,/ɑːndəks/
kard,/kɑrd/
dullõnz,/dulːənz/
le’bbõ,/leˀbːə/
tuo’ž,/tuoˀʒ/
ti’g,/tiˀɡ/
sa,/sɑ/
i’ļdžēmḑa,/iˀʎdʒeːmɟɑ/
pū’oj,/puːˀoj/
nūoŗ,/nuːorʲ/
lūotš,/luːot͡ʃ/
vikārt,/vikɑːrt/
sǭpkõz,/sɒːpkəz/
krõbīž,/krəbiːʒ/
sigāvȯzā,/siɡɑːvɤzɑː/
kuțā,/kucɑː/
ī’dlimi,/iːˀdlimi/
vīžtuoistõn,/viːʒtuoistən/
vingõ,/vinɡə/
kastūg,/kɑstuːɡ/
rǭviņtõ,/rɒːviɲtə/
ro’vz,/roˀvz/
līenõ,/liːenə/
mie’rnaigā,/mieˀrnɑiɡɑː/
kūžkimdõ,/kuːʒkimdə/
tǟ’dõks,/tæːˀdəks/
käsk,/kæsk/
märgõ,/mærɡə/
suoimõ,/suoimə/
salāndõ,/sɑlɑːndə/
grād,/ɡrɑːd/
vä’zzõ,/væˀzːə/
sīezõr,/siːezər/
õ’bdi,/əˀbdi/
pi’ņ,/piˀɲ/
rīst,/riːst/
jõvām,/jəvɑːm/
nūoŗkū,/nuːorʲkuː/
riktig,/riktiɡ/
vīțõ,/viːcə/
salātõd,/sɑlɑːtəd/
võrgõ,/vərɡə/
rink,/rink/
tilbrēḑig,/tilbreːɟiɡ/
Vāldame’r,/vɑːldɑmeˀr/
rāndali,/rɑːndɑli/
sīestõ,/siːestə/
pī’emdõ,/piːˀemdə/
kǭrtõz,/kɒːrtəz/
katūks,/kɑtuːks/
laidõr,/lɑidər/
lē’mi,/leːˀmi/
sa’gdit,/sɑˀɡdit/
pȭrna,/pəːrnɑ/
nanā,/nɑnɑː/
vi’llõ,/viˀlːə/
jūomi,/juːomi/
repțõ,/repcə/
poțā,/pocɑː/
käp,/kæp/
silāstõ,/silɑːstə/
vīla,/viːlɑ/
va’it,/vɑˀit/
kukkõ,/kukːə/
problēm,/probleːm/
rīndõks,/riːndəks/
bikšõd,/bikʃəd/
ri’ggi,/riˀɡːi/
sandrok,/sɑndrok/
sūolõ,/suːolə/
ku’l,/kuˀl/
e’žmõks,/eˀʒməks/
pi’mdõ,/piˀmdə/
kus,/kus/
pȯļļõ,/pɤʎːə/
lop,/lop/
kargõ,/kɑrɡə/
valdõ,/vɑldə/
käpā,/kæpɑː/
kle’it,/kleˀit/
kǟrpa,/kæːrpɑ/
re’bbi,/reˀbːi/
rebā,/rebɑː/
kāima,/kɑːimɑ/
rišt,/riʃt/
kūdõz,/kuːdəz/
i’ldõ,/iˀldə/
līt,/liːt/
u’ddi,/uˀdːi/
si’ldzi,/siˀldzi/
erk,/erk/
kaffetas,/kɑfːetɑs/
tieud,/tieud/
tä’mīezõ,/tæˀmiːezə/
kēratē’ḑ,/keːrɑteːˀɟ/
uttõ,/utːə/
tidār,/tidɑːr/
ä’d,/æˀd/
kēļ,/keːʎ/
outō,/outoː/
tõitõks,/təitəks/
va’imõst,/vɑˀiməst/
pusk,/pusk/
Portugal,/portuɡɑl/
nēḑi,/neːɟi/
suoļg,/suoʎɡ/
uid,/uid/
varāld,/vɑrɑːld/
rēnaz,/reːnɑz/
ūolõ,/uːolə/
pȯiški,/pɤiʃki/
u’llõ,/uˀlːə/
goŗīkšõ,/ɡorʲiːkʃə/
kõ’zzi,/kəˀzːi/
kēv,/keːv/
mūtõ,/muːtə/
ki’v,/kiˀv/
i’g,/iˀɡ/
Sīkrõg,/siːkrəɡ/
rǭ’gõz,/rɒːˀɡəz/
nai,/nɑi/
kǭ’dkimdõz,/kɒːˀdkimdəz/
mīdõ,/miːdə/
Island,/islɑnd/
Ungārmǭ,/unɡɑːrmɒː/
vie’ddõ,/vieˀdːə/
veitõmtõ,/veitəmtə/
nīskõ,/niːskə/
õ’v,/əˀv/
lēḑ,/leːɟ/
vie’ddõl,/vieˀdːəl/
pagānõz,/pɑɡɑːnəz/
nūrka,/nuːrkɑ/
astām,/ɑstɑːm/
I’zrael,/iˀzrɑel/
pūolõ,/puːolə/
kīebi,/kiːebi/
vastūks,/vɑstuːks/
broutšõ,/brout͡ʃə/
tabā,/tɑbɑː/
lǭ’tšõz,/lɒːˀt͡ʃəz/
zēp,/zeːp/
tagān,/tɑɡɑːn/
su’lli,/suˀlːi/
õigiz,/əiɡiz/
tūoļi,/tuːoʎi/
villõ,/vilːə/
tārpali,/tɑːrpɑli/
brēḑig,/breːɟiɡ/
āinagi,/ɑːinɑɡi/
pȯlgõ,/pɤlɡə/
tū’gõ,/tuːˀɡə/
mitš,/mit͡ʃ/
tuoistõn,/tuoistən/
võidõ,/vəidə/
kievādkū,/kievɑːdkuː/
kuļ,/kuʎ/
Ku’rmǭ,/kuˀrmɒː/
pānda,/pɑːndɑ/
mīez,/miːez/
lūodõ,/luːodə/
sipā,/sipɑː/
tā’giž,/tɑːˀɡiʒ/
palg,/pɑlɡ/
sukā,/sukɑː/
tõuk,/təuk/
Vidumǭ,/vidumɒː/
mȭrda,/məːrdɑ/
va’ŗtõ,/vɑˀrʲtə/
vāldiņ,/vɑːldiɲ/
täm,/tæm/
vīdõ,/viːdə/
ȭ’gõ,/əːˀɡə/
jämp,/jæmp/
uskõ,/uskə/
tu’ļļi,/tuˀʎːi/
kǟnga,/kæːnɡɑ/
käbā,/kæbɑː/
purāz,/purɑːz/
pīki,/piːki/
nõtkõm,/nətkəm/
prațțõ,/prɑcːə/
no’vvõ,/noˀvːə/
agā,/ɑɡɑː/
kõzā,/kəzɑː/
kīvit,/kiːvit/
a’igi,/ɑˀiɡi/
Īra,/iːrɑ/
kāngar,/kɑːnɡɑr/
entsiklopēdij,/entsiklopeːdij/
nämād,/næmɑːd/
kīlma,/kiːlmɑ/
radio,/rɑdio/
kiļg,/kiʎɡ/
tī’edõ,/tiːˀedə/
kirb,/kirb/
sastā,/sɑstɑː/
ku’bs,/kuˀbs/
pīrag,/piːrɑɡ/
a’igi,/ɑˀiɡi/
pīenti,/piːenti/
virpõļ,/virpəʎ/
ka’rdi,/kɑˀrdi/
sīemt,/siːemt/
jatkõ,/jɑtkə/
rūm,/ruːm/
tajā,/tɑjɑː/
lēņtš,/leːɲt͡ʃ/
tīkõ,/tiːkə/
kiršt,/kirʃt/
Sǭrmǭ,/sɒːrmɒː/
kītõbsõnā,/kiːtəbsənɑː/
pieksõ,/pieksə/
paŗīmstiz,/pɑrʲiːmstiz/
krǭipa,/krɒːipɑ/
lǟ’nd,/læːˀnd/
va’itõ,/vɑˀitə/
oktōbõr,/oktoːbər/
ūoņdžõl,/uːoɲdʒəl/
tsepļā,/tsepʎɑː/
fonētik,/foneːtik/
kinā,/kinɑː/
program,/proɡrɑm/
testament,/testɑment/
ǭra,/ɒːrɑ/
ē’ḑõ,/eːˀɟə/
dek,/dek/
jūokšõ,/juːokʃə/
kui,/kui/
ta’l,/tɑˀl/
vȭrõz,/vəːrəz/
julgõ,/julɡə/
ve’ļ,/veˀʎ/
tē’ḑ,/teːˀɟ/
īr,/iːr/
kiksēņ,/kikseːɲ/
kabātš,/kɑbɑːt͡ʃ/
mä’ggõrz,/mæˀɡːərz/
pūi,/puːi/
kūž,/kuːʒ/
duņtš,/duɲt͡ʃ/
kuo’nnõ,/kuoˀnːə/
vi’b,/viˀb/
nõ’ggõl,/nəˀɡːəl/
sīepierāst,/siːepierɑːst/
vȱlda,/vɤːldɑ/
tappõ,/tɑpːə/
ving,/vinɡ/
jū’rõ,/juːˀrə/
pǭŗ,/pɒːrʲ/
jemā,/jemɑː/
a’b,/ɑˀb/
neitški,/neit͡ʃki/
pāvest,/pɑːvest/
tarā,/tɑrɑː/
mu’rtõ,/muˀrtə/
ē’ḑtõ,/eːˀɟtə/
blē’ḑ,/bleːˀɟ/
murdõ,/murdə/
Jumāl,/jumɑːl/
vakț,/vɑkc/
kapīņțõ,/kɑpiːɲcə/
rejā,/rejɑː/
kä’dvaŗž,/kæˀdvɑrʲʒ/
spīegiļ,/spiːeɡiʎ/
ē’ņõz,/eːˀɲəz/
eļm,/eʎm/
tǭla,/tɒːlɑ/
su’llõ,/suˀlːə/
mǭškõz,/mɒːʃkəz/
kovāl,/kovɑːl/
ikšlu’g,/ikʃluˀɡ/
rīnda,/riːndɑ/
lūoima,/luːoimɑ/
mǭgõr,/mɒːɡər/
jū’odiji,/juːˀodiji/
mu’ŗŗõ,/muˀrʲːə/
īr,/iːr/
je’ds,/jeˀds/
igā,/iɡɑː/
mǟrgandõ,/mæːrɡɑndə/
pūnga,/puːnɡɑ/
kädūks,/kæduːks/
mängõ,/mænɡə/
kilmõ,/kilmə/
nuššõ,/nuʃːə/
tȭra,/təːrɑ/
si’zzõl,/siˀzːəl/
erktõ,/erktə/
ka’žži,/kɑˀʒːi/
restoran,/restorɑn/
vizās,/vizɑːs/
ki’r,/kiˀr/
sȭrmõz,/səːrməz/
prepozītsij,/prepoziːtsij/
võțīm,/vəciːm/
analīz,/ɑnɑliːz/
outõ,/outə/
tȭrõks,/təːrəks/
pa’llõ,/pɑˀlːə/
põnkt,/pənkt/
grant,/ɡrɑnt/
līvli,/liːvli/
projekt,/projekt/
pūošt,/puːoʃt/
si’ņņi,/siˀɲːi/
lomāstõ,/lomɑːstə/
Rū’nõmǭ,/ruːˀnəmɒː/
kīņ,/kiːɲ/
mīņa,/miːɲɑ/
kummit,/kumːit/
Dūoņig,/duːoɲiɡ/
rū’tš,/ruːˀt͡ʃ/
touzõ,/touzə/
märts,/mærts/
patšõ,/pɑt͡ʃə/
lieudõ,/lieudə/
kūldõ,/kuːldə/
lēba,/leːbɑ/
a’ilõ,/ɑˀilə/
lougõ,/louɡə/
kūrna,/kuːrnɑ/
pi’v,/piˀv/
kuolm,/kuolm/
lä’bḑi,/læˀbɟi/
pǟgiņ,/pæːɡiɲ/
algid,/ɑlɡid/
nõ’v,/nəˀv/
i’bbi,/iˀbːi/
lešknai,/leʃknɑi/
kīļ,/kiːʎ/
e’ḑḑi,/eˀɟːi/
tõvā,/təvɑː/
kǭr,/kɒːr/
Tukāmǭ,/tukɑːmɒː/
ri’ggilēba,/riˀɡːileːbɑ/
paŗīm,/pɑrʲiːm/
varāz,/vɑrɑːz/
gūogõz,/ɡuːoɡəz/
sie’ggõ,/sieˀɡːə/
būoḑ,/buːoɟ/
raiskõ,/rɑiskə/
pa’ggõ,/pɑˀɡːə/
nodāl,/nodɑːl/
tu’lbi,/tuˀlbi/
kakš,/kɑkʃ/
bīețõz,/biːecəz/
ārmakstõ,/ɑːrmɑkstə/
tämā,/tæmɑː/
uikõ,/uikə/
vȯndzi,/vɤndzi/
ti’gtõ,/tiˀɡtə/
kä’l,/kæˀl/
vajāg,/vɑjɑːɡ/
kōgi,/koːɡi/
ǭŗa,/ɒːrʲɑ/
tōgõz,/tɒːɡəz/
astõ,/ɑstə/
maits,/mɑits/
loptõ,/loptə/
instrumentāl,/instrumentɑːl/
ni’zzi,/niˀzːi/
vastõ,/vɑstə/
alāstõ,/ɑlɑːstə/
atrāita,/ɑtrɑːitɑ/
raigā,/rɑiɡɑː/
jǭḑ,/jɒːɟ/
ī’diņțõ,/iːˀdiɲcə/
tup,/tup/
stǭdõ,/stɒːdə/
Englišmǭ,/enɡliʃmɒː/
kēk,/keːk/
ēdrikšõ,/eːdrikʃə/
tapārtõ,/tɑpɑːrtə/
ī’edõ,/iːˀedə/
ma’ņņõ,/mɑˀɲːə/
ka’jtõ,/kɑˀjtə/
jelāb,/jelɑːb/
prūš,/pruːʃ/
taļ,/tɑʎ/
rūod,/ruːod/
kem,/kem/
va’imi,/vɑˀimi/
daņtš,/dɑɲt͡ʃ/
tuņšlõ,/tuɲʃlə/
aŗštõ,/ɑrʲʃtə/
Jūdõmǭ,/juːdəmɒː/
vanātǭți,/vɑnɑːtɒːci/
aŗšt,/ɑrʲʃt/
kattõ,/kɑtːə/
priš,/priʃ/
kū’oḑi,/kuːˀoɟi/
rūt,/ruːt/
ku’bbõ,/kuˀbːə/
ko’ggõrz,/koˀɡːərz/
vitsā,/vitsɑː/
põnktõ,/pənktə/
nominatīv,/nominɑtiːv/
irmõz,/irməz/
maks,/mɑks/
vāldiņ,/vɑːldiɲ/
ka’d,/kɑˀd/
ǭrali,/ɒːrɑli/
nēļakimdõ,/neːʎɑkimdə/
vǟ’grõ,/væːˀɡrə/
vanāǟma,/vɑnɑːæːmɑ/
tēriņtõ,/teːriɲtə/
murd,/murd/
ki’zlõ,/kiˀzlə/
rok,/rok/
pīerslõ,/piːerslə/
pīlpaz,/piːlpɑz/
mis,/mis/
kǭma,/kɒːmɑ/
analōg,/ɑnɑloːɡ/
zǭig,/zɒːiɡ/
ūdstõ,/uːdstə/
usk,/usk/
kouți,/kouci/
ī’dõkstuoistõn,/iːˀdəkstuoistən/
le’b,/leˀb/
i’ggõz,/iˀɡːəz/
rõ’ut,/rəˀut/
pīendrõks,/piːendrəks/
ve’ggi,/veˀɡːi/
tīlka,/tiːlkɑ/
tieudmīez,/tieudmiːez/
lǟlamstiz,/læːlɑmstiz/
aptēk,/ɑpteːk/
tūldõ,/tuːldə/
ūž,/uːʒ/
purōv,/puroːv/
setkimdõ,/setkimdə/
alā,/ɑlɑː/
jamstõ,/jɑmstə/
tūodõ,/tuːodə/
mõ’ŗžõ,/məˀrʲʒə/
vȯŗž,/vɤrʲʒ/
sūkõl,/suːkəl/
bǭr,/bɒːr/
minūt,/minuːt/
ra’dļõ,/rɑˀdʎə/
tašīņtõ,/tɑʃiːɲtə/
jaļkš,/jɑʎkʃ/
kūortiļ,/kuːortiʎ/
sõnāvīļa,/sənɑːviːʎɑ/
mattõ,/mɑtːə/
tijā,/tijɑː/
lǟlamõz,/læːlɑməz/
loul,/loul/
ko’gtõ,/koˀɡtə/
suoļm,/suoʎm/
plēšõd,/pleːʃəd/
īevad,/iːevɑd/
rõkāndõ,/rəkɑːndə/
allõ,/ɑlːə/
plǭț,/plɒːc/
ētam,/eːtɑm/
seis,/seis/
pipā,/pipɑː/
nõtk,/nətk/
pǟgiņtõ,/pæːɡiɲtə/
amātnikā,/ɑmɑːtnikɑː/
sīņõtǟnõ,/siːɲətæːnə/
īekõ,/iːekə/
va’nbizt,/vɑˀnbizt/
niŗț,/nirʲc/
vastõ,/vɑstə/
mits,/mits/
lēbavīļa,/leːbɑviːʎɑ/
a’mši,/ɑˀmʃi/
je’nnõ,/jeˀnːə/
kougi,/kouɡi/
ka’ņki,/kɑˀɲki/
pastõ,/pɑstə/
sie’ggõ,/sieˀɡːə/
ruzū,/ruzuː/
lȭinag,/ləːinɑɡ/
pū’gõ,/puːˀɡə/
kȭnka,/kəːnkɑ/
pivāstõ,/pivɑːstə/
ovār,/ovɑːr/
jū’odõ,/juːˀodə/
kōgaz,/koːɡɑz/
ūm,/uːm/
ma’ggõ,/mɑˀɡːə/
padā,/pɑdɑː/
peijõd,/peijəd/
mūpõ,/muːpə/
kōgi,/koːɡi/
num,/num/
kie’ddõr,/kieˀdːər/
ūnd,/uːnd/
Moskov,/moskov/
sittõ,/sitːə/
vaigā,/vɑiɡɑː/
paint,/pɑint/
ru’isk,/ruˀisk/
līt,/liːt/
ȭn,/əːn/
palāndõks,/pɑlɑːndəks/
ja’mdõ,/jɑˀmdə/
aļ,/ɑʎ/
pa’ggõ,/pɑˀɡːə/
aššõ,/ɑʃːə/
kūorbastõ,/kuːorbɑstə/
kēra,/keːrɑ/
seļtš,/seʎt͡ʃ/
täsā,/tæsɑː/
kindõ,/kində/
kūmi,/kuːmi/
bu’ļ,/buˀʎ/
sitā,/sitɑː/
lānga,/lɑːnɡɑ/
kīlma,/kiːlmɑ/
Moldov,/moldov/
pǭž,/pɒːʒ/
bǭn,/bɒːn/
ämār,/æmɑːr/
nǟ’dõ,/næːˀdə/
vȱrna,/vɤːrnɑ/
pūol,/puːol/
a’rtõ,/ɑˀrtə/
kis,/kis/
kõrd,/kərd/
Bībõl,/biːbəl/
dēļ,/deːʎ/
tuoimiji,/tuoimiji/
imū,/imuː/
kuijõ,/kuijə/
kaffe,/kɑfːe/
je’dsõ,/jeˀdsə/
sõ’gļõ,/səˀɡʎə/
kūoŗ,/kuːorʲ/
vārza,/vɑːrzɑ/
torī,/toriː/
karīņțõ,/kɑriːɲcə/
ku’llõ,/kuˀlːə/
närā,/nærɑː/
Irējo’ug,/ireːjoˀuɡ/
kīņḑõļkū,/kiːɲɟəʎkuː/
ǭ’biļ,/ɒːˀbiʎ/
jūsõ,/juːsə/
kougõn,/kouɡən/
mū,/muː/
tõurõz,/təurəz/
igāniz,/iɡɑːniz/
kilā,/kilɑː/
vȯ’l,/vɤˀl/
vaim,/vɑim/
sǭtõ,/sɒːtə/
muini,/muini/
imāb,/imɑːb/
kurgmǭŗa,/kurɡmɒːrʲɑ/
päp,/pæp/
Ūžkilā,/uːʒkilɑː/
kibār,/kibɑːr/
jemākēļ,/jemɑːkeːʎ/
amā,/ɑmɑː/
strǭdõ,/strɒːdə/
andõ,/ɑndə/
kie’vtõ,/kieˀvtə/
ēviļtõ,/eːviʎtə/
va’jjõ,/vɑˀjːə/
kūoŗ,/kuːorʲ/
ēļ,/eːʎ/
murīkšõ,/muriːkʃə/
Prantšmǭ,/prɑnt͡ʃmɒː/
blē’ḑ,/bleːˀɟ/
pīedrõb,/piːedrəb/
me’r,/meˀr/
jeksõ,/jeksə/
ȭ’dõn,/əːˀdən/
pȯigõ,/pɤiɡə/
nīelõ,/niːelə/
kouv,/kouv/
u’m,/uˀm/
da’ggõl,/dɑˀɡːəl/
ǭ’rõn,/ɒːˀrən/
jegā,/jeɡɑː/
Kūolka,/kuːolkɑ/
kǭra,/kɒːrɑ/
je’ddõ,/jeˀdːə/
võidõ,/vəidə/
kūjastõ,/kuːjɑstə/
kōpmīez,/koːpmiːez/
jaktõ,/jɑktə/
rūoŗ,/ruːorʲ/
likkõ,/likːə/
loul,/loul/
si’ļ,/siˀʎ/
ni’zzõz,/niˀzːəz/
knīplōka,/kniːploːkɑ/
rī’mõz,/riːˀməz/
Salāts,/sɑlɑːts/
vi’zzõ,/viˀzːə/
si’ggõ,/siˀɡːə/
kǭ’skõ,/kɒːˀskə/
vēļõ,/veːʎə/
april,/ɑpril/
ēdrõm,/eːdrəm/
kēravīț,/keːrɑviːc/
pȭzõ,/pəːzə/
o’bbõ,/oˀbːə/
mitikš,/mitikʃ/
kīskõ,/kiːskə/
vālda,/vɑːldɑ/
Šveits,/ʃveits/
ka’ggõrz,/kɑˀɡːərz/
kunā,/kunɑː/
pēļ,/peːʎ/
ä’b,/æˀb/
va’it,/vɑˀit/
bet,/bet/
kuordist,/kuordist/
kieuž,/kieuʒ/
ku’ddõ,/kuˀdːə/
set,/set/
kemmõ,/kemːə/
plakā,/plɑkɑː/
aigā,/ɑiɡɑː/
õ’vvõ,/əˀvːə/
pūoļ,/puːoʎ/
Vidūmǭ,/viduːmɒː/
midžā,/midʒɑː/
Vēna,/veːnɑ/
lind,/lind/
e’žǭ’rõn,/eˀʒɒːˀrən/
kēņig,/keːɲiɡ/
ve’r,/veˀr/
mõtsā,/mətsɑː/
Tirkmǭ,/tirkmɒː/
kuolmõndpǟva,/kuolməndpæːvɑ/
līem,/liːem/
nīdõd,/niːdəd/
ī’ti,/iːˀti/
kāndõks,/kɑːndəks/
kõm,/kəm/
vīdtuoistõnz,/viːdtuoistənz/
ortogrāfij,/ortoɡrɑːfij/
kuo’d,/kuoˀd/
pa’j,/pɑˀj/
sūrkak,/suːrkɑk/
pǭrkimdõ,/pɒːrkimdə/
spleiš,/spleiʃ/
pȯis,/pɤis/
kȭļim,/kəːʎim/
kiļb,/kiʎb/
līgõ,/liːɡə/
tagā,/tɑɡɑː/
sǟ’ld,/sæːˀld/
lutārusk,/lutɑːrusk/
kouš,/kouʃ/
õvā,/əvɑː/
konferents,/konferents/
āiraz,/ɑːirɑz/
Spāņmǭ,/spɑːɲmɒː/
sīestõ,/siːestə/
reizõ,/reizə/
prīestõr,/priːestər/
tīera,/tiːerɑ/
kīebi,/kiːebi/
Pizā,/pizɑː/
villi,/vilːi/
janvār,/jɑnvɑːr/
kramā,/krɑmɑː/
kuolmkimdõz,/kuolmkimdəz/
täuž,/tæuʒ/
ūnd,/uːnd/
virgtõ,/virɡtə/
nūoŗim,/nuːorʲim/
mǭnikā,/mɒːnikɑː/
kuotkānõz,/kuotkɑːnəz/
paskā,/pɑskɑː/
seissadāz,/seisːɑdɑːz/
amā,/ɑmɑː/
pārdaz,/pɑːrdɑz/
põzāg,/pəzɑːɡ/
vȯzā,/vɤzɑː/
eļļõ,/eʎːə/
nǟlga,/næːlɡɑ/
kȭļimkū,/kəːʎimkuː/
izā,/izɑː/
mu’r,/muˀr/
bä’bbõrz,/bæˀbːərz/
pǟvaīe,/pæːvɑiːe/
Kīnõmǭ,/kiːnəmɒː/
su’ž,/suˀʒ/
vaņțlõ,/vɑɲclə/
ältõ,/æltə/
re’ḑḑõl,/reˀɟːəl/
sugīd,/suɡiːd/
pǟvava’l,/pæːvɑvɑˀl/
kǭ’dõkskimdõz,/kɒːˀdəkskimdəz/
sõitõ,/səitə/
ilp,/ilp/
ǭ’gi,/ɒːˀɡi/
fakt,/fɑkt/
rȭmli,/rəːmli/
kild,/kild/
pistõ,/pistə/
kǭ’dõkssadāz,/kɒːˀdəksːɑdɑːz/
bäs,/bæs/
bokā,/bokɑː/
kēratõks,/keːrɑtəks/
atrāitanai,/ɑtrɑːitɑnɑi/
mǭl,/mɒːl/
pȭrand,/pəːrɑnd/
taibõdakš,/tɑibədɑkʃ/
kālma,/kɑːlmɑ/
tu’ļļi,/tuˀʎːi/
paikõ,/pɑikə/
da’nktõ,/dɑˀnktə/
kīntš,/kiːnt͡ʃ/
pī’lõ,/piːˀlə/
lakkõ,/lɑkːə/
je’lsõ,/jeˀlsə/
kārgastõ,/kɑːrɡɑstə/
ārmaztõ,/ɑːrmɑztə/
lețkēļ,/leckeːʎ/
su’ggõ,/suˀɡːə/
tīeažā,/tiːeɑʒɑː/
buzārtõ,/buzɑːrtə/
sūo,/suːo/
kuoi,/kuoi/
tieudõ,/tieudə/
Slovēnij,/sloveːnij/
ǭ’v,/ɒːˀv/
kitsāz,/kitsɑːz/
ǭļaz,/ɒːʎɑz/
sūoņ,/suːoɲ/
sõidõ,/səidə/
kuo’ig,/kuoˀiɡ/
šlūik,/ʃluːik/
pū,/puː/
pi’ddõz,/piˀdːəz/
sä’v,/sæˀv/
rõ’v,/rəˀv/
tienū,/tienuː/
ja’mdi,/jɑˀmdi/
täudõ,/tæudə/
kūok,/kuːok/
oppõ,/opːə/
tuoi,/tuoi/
Saksāmǭ,/sɑksɑːmɒː/
su’g,/suˀɡ/
ro’vloul,/roˀvloul/
igāb,/iɡɑːb/
rõk,/rək/
kast,/kɑst/
sōna,/soːnɑ/
kunāgõst,/kunɑːɡəst/
derk,/derk/
ikši’ggiņ,/ikʃiˀɡːiɲ/
pȯsk,/pɤsk/
umblõ,/umblə/
krämp,/kræmp/
kok,/kok/
danktõ,/dɑnktə/
lǭškõz,/lɒːʃkəz/
lu’g,/luˀɡ/
amāt,/ɑmɑːt/
kītõks,/kiːtəks/
toļ,/toʎ/
kǭ’dõkssadā,/kɒːˀdəksːɑdɑː/
īlma,/iːlmɑ/
ī’dõksmõz,/iːˀdəksməz/
ūrma,/uːrmɑ/
Kū,/kuː/
idāntõ,/idɑːntə/
pāika,/pɑːikɑ/
kierdõ,/kierdə/
kațki,/kɑcki/
vȯrūks,/vɤruːks/
alāb,/ɑlɑːb/
kajāgõz,/kɑjɑːɡəz/
irmtõ,/irmtə/
skrīvõr,/skriːvər/
vest,/vest/
kaļāj,/kɑʎɑːj/
jālgiņ,/jɑːlɡiɲ/
ve’jjõ,/veˀjːə/
vȯjā,/vɤjɑː/
ī’dõkssadāz,/iːˀdəksːɑdɑːz/
tubāe’ḑḑi,/tubɑːeˀɟːi/
nõtkõ,/nətkə/
je’dstõ,/jeˀdstə/
lejāvõtāmõd,/lejɑːvətɑːməd/
kūoltõ,/kuːoltə/
kǭraz,/kɒːrɑz/
tībõz,/tiːbəz/
Prantsūzmǭ,/prɑntsuːzmɒː/
vakțõ,/vɑkcə/
kouvõ,/kouvə/
ja’ggõ,/jɑˀɡːə/
kārda,/kɑːrdɑ/
jo’vd,/joˀvd/
dek,/dek/
dadžā,/dɑdʒɑː/
i’nnõ,/iˀnːə/
tundõ,/tundə/
guŗkõz,/ɡurʲkəz/
je’dmõl,/jeˀdməl/
datōr,/dɑtoːr/
bo’ŗ,/boˀrʲ/
bä’zmõr,/bæˀzmər/
līgõ,/liːɡə/
mīeldõ,/miːeldə/
pūola,/puːolɑ/
sǟdlõ,/sæːdlə/
pīnda,/piːndɑ/
alāstli,/ɑlɑːstli/
tūldõ,/tuːldə/
amūstiz,/ɑmuːstiz/
lūodõ,/luːodə/
mõtūks,/mətuːks/
kangpūd,/kɑnɡpuːd/
ni’m,/niˀm/
lešk,/leʃk/
luškõz,/luʃkəz/
pīentõ,/piːentə/
vȯļg,/vɤʎɡ/
samā,/sɑmɑː/
jemānd,/jemɑːnd/
so’vtõ,/soˀvtə/
allatīv,/ɑlːɑtiːv/
daņtšõ,/dɑɲt͡ʃə/
amā,/ɑmɑː/
kõlā,/kəlɑː/
vaps,/vɑps/
vībõ,/viːbə/
vi’zzõ,/viˀzːə/
viettõ,/vietːə/
i’ļļõ,/iˀʎːə/
Serbij,/serbij/
je’dspē’ḑõn,/jeˀdspeːˀɟən/
vȯ’dlõ,/vɤˀdlə/
valdõ,/vɑldə/
vastõ,/vɑstə/
vȭidag,/vəːidɑɡ/
ī’m,/iːˀm/
lipšõ,/lipʃə/
nuttõ,/nutːə/
sindõ,/sində/
kurk,/kurk/
dillõd,/dilːəd/
nīžõ,/niːʒə/
ä’gstõ,/æˀɡstə/
mīedõ,/miːedə/
mu’rri,/muˀrːi/
kidūd,/kiduːd/
kūolõ,/kuːolə/
kūoŗ,/kuːorʲ/
ūoņõz,/uːoɲəz/
tōvaz,/toːvɑz/
kukurūz,/kukuruːz/
ažā,/ɑʒɑː/
allõ,/ɑlːə/
kīv,/kiːv/
pästõ,/pæstə/
ri’ddõ,/riˀdːə/
pierāst,/pierɑːst/
vi’llõ,/viˀlːə/
pie’rrõ,/pieˀrːə/
rǭžki,/rɒːʒki/
appõnsēmḑa,/ɑpːənseːmɟɑ/
eitõ,/eitə/
tīetēji,/tiːeteːji/
lǟ’dõ,/læːˀdə/
nītõ,/niːtə/
tubā,/tubɑː/
pūlka,/puːlkɑ/
na’ggõr,/nɑˀɡːər/
rīdļõ,/riːdʎə/
i’mtõ,/iˀmtə/
pȯ’ddõ,/pɤˀdːə/
ve’žgõr,/veˀʒɡər/
ve’žži,/veˀʒːi/
nīž,/niːʒ/
zǭigõ,/zɒːiɡə/
sīemi,/siːemi/
venk,/venk/
nǟna,/næːnɑ/
kūondõ,/kuːondə/
ki’l,/kiˀl/
outōbus,/outoːbus/
oksā,/oksɑː/
mūnda,/muːndɑ/
Eirōp,/eiroːp/
vǭ’,/vɒːˀ/
pū’stõ,/puːˀstə/
Jǭņpǟva,/jɒːɲpæːvɑ/
vadā,/vɑdɑː/
tä’m,/tæˀm/
tūļi,/tuːʎi/
jū’rõ,/juːˀrə/
and,/ɑnd/
vēna,/veːnɑ/
ro’vkuodā,/roˀvkuodɑː/
o’vpū,/oˀvpuː/
seistuoistõn,/seistuoistən/
rip,/rip/
ērgiļnikā,/eːrɡiʎnikɑː/
sä’ltõ,/sæˀltə/
maksõ,/mɑksə/
pǭr,/pɒːr/
nǭțõz,/nɒːcəz/
rinkõ,/rinkə/
seiskimdõz,/seiskimdəz/
paikõ,/pɑikə/
ti’gmõd,/tiˀɡməd/
ne,/ne/
kīerõ,/kiːerə/
ne’i,/neˀi/
illatīv,/ilːɑtiːv/
ka’zzõ,/kɑˀzːə/
si’ddõ,/siˀdːə/
kuorbõ,/kuorbə/
ūdstõ,/uːdstə/
mingi,/minɡi/
tū’oḑõ,/tuːˀoɟə/
seļļi,/seʎːi/
ōda,/oːdɑ/
vaļmõstõ,/vɑʎməstə/
jū’od,/juːˀod/
bre’ḑḑõ,/breˀɟːə/
vastõ,/vɑstə/
kuolmtuoistõn,/kuolmtuoistən/
jūotõ,/juːotə/
nõ’rrõ,/nəˀrːə/
vatsā,/vɑtsɑː/
kastõ,/kɑstə/
tierāb,/tierɑːb/
āina,/ɑːinɑ/
nǭ’gi,/nɒːˀɡi/
virgzi,/virɡzi/
glä’bbõ,/ɡlæˀbːə/
ǟma,/æːmɑ/
ūoļ,/uːoʎ/
nǟ,/næː/
viedām,/viedɑːm/
līnta,/liːntɑ/
jedāl,/jedɑːl/
umāl,/umɑːl/
vi’jjõ,/viˀjːə/
āinakū,/ɑːinɑkuː/
kīņtš,/kiːɲt͡ʃ/
õ’bdõ,/əˀbdə/
papīer,/pɑpiːer/
vī’mõ,/viːˀmə/
sāina,/sɑːinɑ/
peislõ,/peislə/
pagalam,/pɑɡɑlɑm/
kä’g,/kæˀɡ/
pippõr,/pipːər/
sȭira,/səːirɑ/
kovālõz,/kovɑːləz/
ǟrga,/æːrɡɑ/
kievām,/kievɑːm/
nēļa,/neːʎɑ/
sǟdõ,/sæːdə/
Vāldakrī’evmǭ,/vɑːldɑkriːˀevmɒː/
sigā,/siɡɑː/
äkīst,/ækiːst/
ǭik,/ɒːik/
kūoral,/kuːorɑl/
sīgõz,/siːɡəz/
kilgõ,/kilɡə/
ka’d,/kɑˀd/
ka’ddõ,/kɑˀdːə/
i’m,/iˀm/
pūdõ,/puːdə/
krūz,/kruːz/
kārnaz,/kɑːrnɑz/
tierāvīļa,/tierɑːviːʎɑ/
rǟstõz,/ræːstəz/
pǟvasidām,/pæːvɑsidɑːm/
ī’dõkstuoistõnz,/iːˀdəkstuoistənz/
pūolpǟva,/puːolpæːvɑ/
āigakēra,/ɑːiɡɑkeːrɑ/
nǟr,/næːr/
ǭbõ,/ɒːbə/
kõvīstõ,/kəviːstə/
a’igõ,/ɑˀiɡə/
dālba,/dɑːlbɑ/
urīkšõ,/uriːkʃə/
akkiji,/ɑkːiji/
rištõ,/riʃtə/
nēļasadāz,/neːʎɑsɑdɑːz/
ī’dtõlu’ggõ,/iːˀdtəluˀɡːə/
kutsõ,/kutsə/
lītõltõ,/liːtəltə/
sõ’ggõl,/səˀɡːəl/
Brissõl,/brisːəl/
kuordit,/kuordit/
pi’mdiņtõ,/piˀmdiɲtə/
ēbrikš,/eːbrikʃ/
kīndabǟ,/kiːndɑbæː/
īņõkst,/iːɲəkst/
vijā,/vijɑː/
līvõz,/liːvəz/
pierā,/pierɑː/
optõbrǭntõz,/optəbrɒːntəz/
põrmstõ,/pərmstə/
vȱŗa,/vɤːrʲɑ/
vȯstõ,/vɤstə/
o’vstõ,/oˀvstə/
mǭ’zõ,/mɒːˀzə/
võzā,/vəzɑː/
Itāļmǭ,/itɑːʎmɒː/
detsembõr,/detsembər/
jadā,/jɑdɑː/
rie’ggõz,/rieˀɡːəz/
paprik,/pɑprik/
vȯtšõ,/vɤt͡ʃə/
vie’ddõ,/vieˀdːə/
vientõ,/vientə/
mõiti,/məiti/
ro’ugõz,/roˀuɡəz/
kīlmakū,/kiːlmɑkuː/
le’žgli,/leˀʒɡli/
kǭmal,/kɒːmɑl/
raņg,/rɑɲɡ/
loppõ,/lopːə/
linā,/linɑː/
sidāmõl,/sidɑːməl/
sīnõ,/siːnə/
nīnõ,/niːnə/
rikkõ,/rikːə/
urg,/urɡ/
kiņņõ,/kiɲːə/
gilgõ,/ɡilɡə/
joud,/joud/
vȭrõzjemā,/vəːrəzjemɑː/
sõ’ggõl,/səˀɡːəl/
jūoimki,/juːoimki/
kõlbõ,/kəlbə/
būolgõz,/buːolɡəz/
parāndõ,/pɑrɑːndə/
suoŗm,/suorʲm/
tei,/tei/
kīļaz,/kiːʎɑz/
pivāli,/pivɑːli/
klūk,/kluːk/
gūlma,/ɡuːlmɑ/
makstõd,/mɑkstəd/
tundtõb,/tundtəb/
kūoŗštõ,/kuːorʲʃtə/
poukõ,/poukə/
kȭrda,/kəːrdɑ/
padā,/pɑdɑː/
vakā,/vɑkɑː/
käbrāz,/kæbrɑːz/
tabār,/tɑbɑːr/
i’ddõ,/iˀdːə/
rǟnka,/ræːnkɑ/
jengõ,/jenɡə/
vī’ri,/viːˀri/
viskõ,/viskə/
kandõ,/kɑndə/
rānda,/rɑːndɑ/
kino,/kino/
paskāndõ,/pɑskɑːndə/
je’dmõl,/jeˀdməl/
mingizkõrd,/minɡizkərd/
tienāndõks,/tienɑːndəks/
kuļ,/kuʎ/
kaibõ,/kɑibə/
a’ddõrz,/ɑˀdːərz/
vȭrõz,/vəːrəz/
sõstār,/səstɑːr/
kartõ,/kɑrtə/
mǭ’zõ,/mɒːˀzə/
kil,/kil/
kaits,/kɑits/
jougūzõ,/jouɡuːzə/
ȭrikšõ,/əːrikʃə/
vändi,/vændi/
sadā,/sɑdɑː/
ni’gļiki,/niˀɡʎiki/
jatk,/jɑtk/
mu’ļki,/muˀʎki/
vastātõ,/vɑstɑːtə/
oudõ,/oudə/
villi,/vilːi/
ūdstõ,/uːdstə/
trink,/trink/
kievād,/kievɑːd/
lakkõ,/lɑkːə/
āmbaz,/ɑːmbɑz/
tū’ontõz,/tuːˀontəz/
jūlij,/juːlij/
uktõ,/uktə/
kūoršõn,/kuːorʃən/
vǭ’jõ,/vɒːˀjə/
lāiska,/lɑːiskɑ/
võ’l,/vəˀl/
kīedõ,/kiːedə/
õ’vvõ,/əˀvːə/
ädāgõ,/ædɑːɡə/
nūzõ,/nuːzə/
seismi,/seismi/
eļļõ,/eʎːə/
vȭrõzizā,/vəːrəzizɑː/
pūom,/puːom/
minā,/minɑː/
veitõ,/veitə/
jǭ’dõ,/jɒːˀdə/
joudzi,/joudzi/
kūonda,/kuːondɑ/
pițki,/picki/
sǭņ,/sɒːɲ/
partikõl,/pɑrtikəl/
bokāmǭŗa,/bokɑːmɒːrʲɑ/
pūvīļa,/puːviːʎɑ/
lī’edna’ggõrz,/liːˀednɑˀɡːərz/
käbā,/kæbɑː/
pǭ’gstõ,/pɒːˀɡstə/
nä’g,/næˀɡ/
ȭgõ,/əːɡə/
tuoi,/tuoi/
tiegāndõks,/tieɡɑːndəks/
kǭ’dõksmõz,/kɒːˀdəksməz/
kāndatõ,/kɑːndɑtə/
tõmbõ,/təmbə/
te’b,/teˀb/
vȭlga,/vəːlɡɑ/
tie’g,/tieˀɡ/
kīļaz,/kiːʎɑz/
mǟtõr,/mæːtər/
lu’g,/luˀɡ/
tu’lbi,/tuˀlbi/
sizāld,/sizɑːld/
lonkõ,/lonkə/
ȭ’dõgizt,/əːˀdəɡizt/
mu’idlõ,/muˀidlə/
kouvõ,/kouvə/
kand,/kɑnd/
pivā,/pivɑː/
kud,/kuˀd/
ne’iku,/neˀiku/
ät,/æt/
märgõ,/mærɡə/
vȯņ,/vɤɲ/
bu’ŗŗõ,/buˀrʲːə/
u’ņņi,/uˀɲːi/
Holand,/holɑnd/
kūžsadā,/kuːʒsɑdɑː/
kievād,/kievɑːd/
sūoļ,/suːoʎ/
vašk,/vɑʃk/
puskāntõ,/puskɑːntə/
arū,/ɑruː/
lipīņtõ,/lipiːɲtə/
i’z,/iˀz/
tarāb,/tɑrɑːb/
kerk,/kerk/
Lețmǭ,/lecmɒː/
pǟrna,/pæːrnɑ/
aigi,/ɑiɡi/
izāsõzār,/izɑːsəzɑːr/
ra’zzi,/rɑˀzːi/
pūdõ,/puːdə/
kistāntõ,/kistɑːntə/
sa’ddõ,/sɑˀdːə/
kǭ’dsadāz,/kɒːˀdsɑdɑːz/
Engõlmǭ,/enɡəlmɒː/
pivālind,/pivɑːlind/
lindõ,/lində/
vīțsõnā,/viːcsənɑː/
kīraz,/kiːrɑz/
kītõm,/kiːtəm/
spūok,/spuːok/
nurīkšõ,/nuriːkʃə/
ki’l,/kiˀl/
kilgstõ,/kilɡstə/
sīetõ,/siːetə/
sõ’vlõ,/səˀvlə/
kie’ddõrtõ,/kieˀdːərtə/
munā,/munɑː/
kilgsõ,/kilɡsə/
jūom,/juːom/
jālga,/jɑːlɡɑ/
e’ggiļ,/eˀɡːiʎ/
dabā,/dɑbɑː/
ī’ž,/iːˀʒ/
ä’bvȯndzi,/æˀbvɤndzi/
īrgandõks,/iːrɡɑndəks/
ä’bțõ,/æˀbcə/
la’gtõ,/lɑˀɡtə/
a’bbõnz,/ɑˀbːənz/
kaffekuodā,/kɑfːekuodɑː/
sūolõ,/suːolə/
uskõ,/uskə/
pū’gõ,/puːˀɡə/
õrā,/ərɑː/
lõ’vvõ,/ləˀvːə/
vȯi,/vɤi/
borāvīk,/borɑːviːk/
Pațīkmǭ,/pɑciːkmɒː/
siļgõ,/siʎɡə/
siḑīmsõnā,/siɟiːmsənɑː/
rūostõ,/ruːostə/
sõbrā,/səbrɑː/
analōgij,/ɑnɑloːɡij/
va’nbõ,/vɑˀnbə/
Izraēl,/izrɑeːl/
päkā,/pækɑː/
kū’oḑõn,/kuːˀoɟən/
kardi,/kɑrdi/
appõn,/ɑpːən/
paistõ,/pɑistə/
märā,/mærɑː/
vie’rtõ,/vieˀrtə/
ku’d,/kuˀd/
ne’isiz,/neˀisiz/
vagā,/vɑɡɑː/
tas,/tɑs/
lȭga,/ləːɡɑ/
ūdõ,/uːdə/
īlbõks,/iːlbəks/
tuo’dli,/tuoˀdli/
jelāmi,/jelɑːmi/
borātõ,/borɑːtə/
ra’bbõ,/rɑˀbːə/
sõ’vpivād,/səˀvpivɑːd/
või,/vəi/
ka’ddõ,/kɑˀdːə/
lōdaǭ’rõn,/loːdɑɒːˀrən/
sa’bbõr,/sɑˀbːər/
sīemnāiga,/siːemnɑːiɡɑ/
mǭļțõ,/mɒːʎcə/
kȭvaz,/kəːvɑz/
mõitiz,/məitiz/
rištīng,/riʃtiːnɡ/
sogā,/soɡɑː/
ȭ’dõg,/əːˀdəɡ/
va’llõ,/vɑˀlːə/
jelāj,/jelɑːj/
vȯikõ,/vɤikə/
ulzāndaji,/ulzɑːndɑji/
pǟvakargimi,/pæːvɑkɑrɡimi/
va’itõ,/vɑˀitə/
kengšepā,/kenɡʃepɑː/
kuolmtuoistõnz,/kuolmtuoistənz/
i’ļ,/iˀʎ/
ka’z,/kɑˀz/
vīžsadā,/viːʒsɑdɑː/
azūm,/ɑzuːm/
kǭņim,/kɒːɲim/
jõvā,/jəvɑː/
kǭzgõnd,/kɒːzɡənd/
pālka,/pɑːlkɑ/
giltõ,/ɡiltə/
nä’gțõb,/næˀɡcəb/
lilla,/lilːɑ/
kiļ,/kiʎ/
kärmi,/kærmi/
si’ž,/siˀʒ/
o’unõz,/oˀunəz/
ullõ,/ulːə/
informātsij,/informɑːtsij/
rǭgõd,/rɒːɡəd/
põrm,/pərm/
ȭlma,/əːlmɑ/
nēļatuoistõnz,/neːʎɑtuoistənz/
nǭ’võ,/nɒːˀvə/
ratstõ,/rɑtstə/
sä,/sæ/
tabātõ,/tɑbɑːtə/
to’vvõ,/toˀvːə/
pūškõ,/puːʃkə/
mīrtõ,/miːrtə/
ukš,/ukʃ/
vīļakū,/viːʎɑkuː/
upāndõ,/upɑːndə/
pitkit,/pitkit/
vȱntsa,/vɤːntsɑ/
sūomli,/suːomli/
vȯrābõz,/vɤrɑːbəz/
kurli,/kurli/
kațļā,/kɑcʎɑː/
serk,/serk/
ki’ldzi,/kiˀldzi/
zup,/zup/
siskõ,/siskə/
līgõ,/liːɡə/
glǭz,/ɡlɒːz/
kuo’ndõ,/kuoˀndə/
pūtõks,/puːtəks/
na’grõ,/nɑˀɡrə/
va’dmõl,/vɑˀdməl/
nǭļa,/nɒːʎɑ/
pa’ggõl,/pɑˀɡːəl/
lǟlam,/læːlɑm/
rištusk,/riʃtusk/
vazār,/vɑzɑːr/
kõzīņtõ,/kəziːɲtə/
pȯimõ,/pɤimə/
lū,/luː/
arm,/ɑrm/
mūlda,/muːldɑ/
äbjõvā,/æˀbjəvɑː/
rōda,/roːdɑ/
sēņ,/seːɲ/
joutõm,/joutəm/
pȭrna,/pəːrnɑ/
su’gli,/suˀɡli/
Portugāl,/portuɡɑːl/
pȯļtõ,/pɤʎtə/
pūtõ,/puːtə/
pīer,/piːer/
pūolõ,/puːolə/
a’jjõ,/ɑˀjːə/
sidām,/sidɑːm/
āiga,/ɑːiɡɑ/
kitkõ,/kitkə/
kaļ,/kɑʎ/
va’dmõl,/vɑˀdməl/
alumīnij,/ɑlumiːnij/
zilb,/zilb/
ki’l,/kiˀl/
tīe,/tiːe/
kuņštnikā,/kuɲʃtnikɑː/
le’žgõl,/leˀʒɡəl/
ä’bțõks,/æˀbcəks/
kuoŗŗõ,/kuorʲːə/
pūrdaz,/puːrdɑz/
ä’bknaš,/æˀbknɑʃ/
kūja,/kuːjɑ/
paipõl,/pɑipəl/
klēibõ,/kleːibə/
liktõ,/liktə/
vindõ,/vində/
ku’b,/kuˀb/
i’mlõ,/iˀmlə/
pūdõ,/puːdə/
līdõ,/liːdə/
Kurāmǭ,/kurɑːmɒː/
pa’g,/pɑˀɡ/
kī’lõ,/kiːˀlə/
pū’dstõ,/puːˀdstə/
ǭ’dõz,/ɒːˀdəz/
eļ,/eʎ/
pūoraz,/puːorɑz/
mū,/muː/
si’z,/siˀz/
kǭ’dõks,/kɒːˀdəks/
ukkõ,/ukːə/
vagā,/vɑɡɑː/
ri’ggõz,/riˀɡːəz/
räukõ,/ræukə/
u’mmi,/uˀmːi/
kikīm,/kikiːm/
ȭŗõ,/əːrʲə/
set,/set/
rȭm,/rəːm/
ī’dõks,/iːˀdəks/
ä’bjõvā,/æˀbjəvɑː/
õvātõ,/əvɑːtə/
kūorald,/kuːorɑld/
alīztas,/ɑliːztɑs/
Īrõmǭ,/iːrəmɒː/
jelāb,/jelɑːb/
ärb,/ærb/
ouŗõ,/ourʲə/
kuostõ,/kuostə/
tazā,/tɑzɑː/
puțkõz,/puckəz/
jeng,/jenɡ/
knaš,/knɑʃ/
tūima,/tuːimɑ/
laint,/lɑint/
vȯžā,/vɤʒɑː/
tilkõ,/tilkə/
nūoŗkazām,/nuːorʲkɑzɑːm/
Kāndab,/kɑːndɑb/
Kuldīg,/kuldiːɡ/
ra’gdõ,/rɑˀɡdə/
ūrga,/uːrɡɑ/
kīļ,/kiːʎ/
pierāst,/pierɑːst/
Ḑ,/ɟ/
kīeldõ,/kiːeldə/
Vǟnta,/væːntɑ/
pat,/pɑt/
kimp,/kimp/
kerk,/kerk/
kalāmīez,/kɑlɑːmiːez/
ki’llõ,/kiˀlːə/
sīend,/siːend/
rūogõz,/ruːoɡəz/
alg,/ɑlɡ/
ne’ije’n,/neˀijeˀn/
sīekõrd,/siːekərd/
apostrōf,/ɑpostroːf/
arābõ,/ɑrɑːbə/
ratsõl,/rɑtsəl/
i’ddõ,/iˀdːə/
īeltõ,/iːeltə/
vȯ’l,/vɤˀl/
maij,/mɑij/
ulātõ,/ulɑːtə/
jērnaz,/jeːrnɑz/
mätāl,/mætɑːl/
nīelõ,/niːelə/
pū’tiļ,/puːˀtiʎ/
mȭka,/məːkɑ/
jegāikš,/jeɡɑːikʃ/
bǭik,/bɒːik/
kūja,/kuːjɑ/
va’g,/vɑˀɡ/
tukkõ,/tukːə/
udār,/udɑːr/
kougit,/kouɡit/
īlgaz,/iːlɡɑz/
kas,/kɑs/
a’r,/ɑˀr/
pīk,/piːk/
vīetšõz,/viːet͡ʃəz/
ki’bḑi,/kiˀbɟi/
sulā,/sulɑː/
Kuoštrõg,/kuoʃtrəɡ/
elektrīb,/elektriːb/
mu’džõ,/muˀdʒə/
si’gžkū,/siˀɡʒkuː/
genitīv,/ɡenitiːv/
seiskimdõ,/seiskimdə/
luoik,/luoik/
rakkõ,/rɑkːə/
parāntõ,/pɑrɑːntə/
lǟ’nd,/læːˀnd/
nǭ’võ,/nɒːˀvə/
kõps,/kəps/
lē’ḑkū,/leːˀɟkuː/
rēkõ,/reːkə/
äl,/æl/
sa’lli,/sɑˀlːi/
rāndakēļ,/rɑːndɑkeːʎ/
umbliji,/umbliji/
jatk,/jɑtk/
rištõ,/riʃtə/
sīpõl,/siːpəl/
tī’edõz,/tiːˀedəz/
vǭja,/vɒːjɑ/
kitsāstiz,/kitsɑːstiz/
dattõd,/dɑtːəd/
sī’ḑš,/siːˀɟʃ/
lī’edpū,/liːˀedpuː/
kuolmkimdõ,/kuolmkimdə/
sintõ,/sintə/
tūoņ,/tuːoɲ/
pǟl,/pæːl/
āļdža,/ɑːʎdʒɑ/
nūoŗimi,/nuːorʲimi/
tū’gõ,/tuːˀɡə/
sǭņõ,/sɒːɲə/
kierā,/kierɑː/
ko’ggõrz,/koˀɡːərz/
lūom,/luːom/
jū’rõ,/juːˀrə/
lu’ggõ,/luˀɡːə/
taļšpivād,/tɑʎʃpivɑːd/
rūtlimi,/ruːtlimi/
va’llõ,/vɑˀlːə/
gūngaserk,/ɡuːnɡɑserk/
pierāst,/pierɑːst/
valktõ,/vɑlktə/
tagān,/tɑɡɑːn/
ta’ggõ,/tɑˀɡːə/
pū’ojtõ,/puːˀojtə/
Rūotšmǭ,/ruːot͡ʃmɒː/
ä’bpū’dõz,/æˀbpuːˀdəz/
piezā,/piezɑː/
kakškimdõ,/kɑkʃkimdə/
nītõ,/niːtə/
tūlda,/tuːldɑ/
tīera,/tiːerɑ/
šilt,/ʃilt/
ețkā,/eckɑː/
sūoŗ,/suːorʲ/
bleifēdõr,/bleifeːdər/
urg,/urɡ/
käskõ,/kæskə/
tabāndõks,/tɑbɑːndəks/
vežā,/veʒɑː/
Kanād,/kɑnɑːd/
purgõ,/purɡə/
kațki,/kɑcki/
īņõzki’lliji,/iːɲəzkiˀlːiji/
vǭŗ,/vɒːrʲ/
je’dsõ,/jeˀdsə/
sõ’vvõ,/səˀvːə/
Sūomõmǭ,/suːoməmɒː/
bukštīerõ,/bukʃtiːerə/
o’v,/oˀv/
sulātõ,/sulɑːtə/
sīetõ,/siːetə/
kuŗē,/kurʲeː/
vaŗž,/vɑrʲʒ/
ikštäuž,/ikʃtæuʒ/
siļk,/siʎk/
la’ggõd,/lɑˀɡːəd/
laš,/lɑʃ/
la’ggõ,/lɑˀɡːə/
pȭda,/pəːdɑ/
Leišõmǭ,/leiʃəmɒː/
kak,/kɑk/
tǟnõ,/tæːnə/
tarāvīļa,/tɑrɑːviːʎɑ/
Va’id,/vɑˀid/
kangti,/kɑnɡti/
rujā,/rujɑː/
ūoņi,/uːoɲi/
mie’rmīez,/mieˀrmiːez/
agā,/ɑɡɑː/
eitõ,/eitə/
le’bbõ,/leˀbːə/
ǭz,/ɒːz/
sē’ršõ,/seːˀrʃə/
sīlma,/siːlmɑ/
zīḑõz,/ziːɟəz/
vizākuodā,/vizɑːkuodɑː/
tõ’rmõz,/təˀrməz/
m,/m/
nǟlga,/næːlɡɑ/
taim,/tɑim/
pu’rrõ,/puˀrːə/
lopāndõks,/lopɑːndəks/
ro’vzt,/roˀvzt/
patli,/pɑtli/
kuosk,/kuosk/
ädā,/ædɑː/
mikš,/mikʃ/
a’rtõ,/ɑˀrtə/
nūoŗmīez,/nuːorʲmiːez/
tie’nnõ,/tieˀnːə/
na’ggõl,/nɑˀɡːəl/
nūoļ,/nuːoʎ/
adesīv,/ɑdesiːv/
ūļ,/uːʎ/
kǭ’tõ,/kɒːˀtə/
pǟ,/pæː/
lāipa,/lɑːipɑ/
kūzõ,/kuːzə/
läul,/læul/
ertļõ,/ertʎə/
vā’ški,/vɑːˀʃki/
lōlaji,/loːlɑji/
pa,/pɑ/
va’itõ,/vɑˀitə/
kaits,/kɑits/
kū’j,/kuːˀj/
pȭ’kt,/pəːˀkt/
Rīgõ,/riːɡə/
viš,/viʃ/
kuolmõz,/kuolməz/
rikāz,/rikɑːz/
pǟvalūojimi,/pæːvɑluːojimi/
lī’ebi,/liːˀebi/
ni,/ni/
kū,/kuː/
kuodā,/kuodɑː/
kuolmiņ,/kuolmiɲ/
se,/se/
kovālstiz,/kovɑːlstiz/
ta’ggi,/tɑˀɡːi/
Krī’evmǭ,/kriːˀevmɒː/
le’žgõl,/leˀʒɡəl/
bikt,/bikt/
pūnda,/puːndɑ/
karri,/kɑrːi/
tõitõ,/təitə/
kūoļma,/kuːoʎmɑ/
tierā,/tierɑː/
ändi,/ændi/
drū’ošõ,/druːˀoʃə/
Grēkõmǭ,/ɡreːkəmɒː/
arrõ,/ɑrːə/
a’rrõ,/ɑrːə/
sa’ddõ,/sɑˀdːə/
Pū’ojme’r,/puːˀojmeˀr/
lȭiga,/ləːiɡɑ/
pigā,/piɡɑː/
alīz,/ɑliːz/
nīt,/niːt/
lōlatõ,/loːlɑtə/
sõ’vvõ,/səˀvːə/
mūndakõrd,/muːndɑkərd/
ma’g,/mɑˀɡ/
Grīekmǭ,/ɡriːekmɒː/
tū’oigõz,/tuːˀoiɡəz/
li’d,/liˀd/
pu’nni,/puˀnːi/
vie’r,/vieˀr/
virgõ,/virɡə/
mūliņ,/muːliɲ/
ougust,/ouɡust/
kǭj,/kɒːj/
maksõ,/mɑksə/
lapsvȱidaji,/lɑpsvɤːidɑji/
muškõz,/muʃkəz/
sǟ’l,/sæːˀl/
mȯistõ,/mɤistə/
laskõ,/lɑskə/
vaigā,/vɑiɡɑː/
sū,/suː/
piļļi,/piʎːi/
lem,/lem/
ta’zzi,/tɑˀzːi/
Beļgij,/beʎɡij/
Norvēgmǭ,/norveːɡmɒː/
vīerõ,/viːerə/
kuodāj,/kuodɑːj/
pusk,/pusk/
kuņtš,/kuɲt͡ʃ/
klūostõr,/kluːostər/
slikțõ,/slikcə/
liestā,/liestɑː/
rǭ’,/rɒːˀ/
si’gž,/siˀɡʒ/
mier,/mieˀr/
jõvīst,/jəviːst/
mǟ’dlõ,/mæːˀdlə/
kurg,/kurɡ/
jo’ug,/joˀuɡ/
vīļa,/viːʎɑ/
pū’ois,/puːˀois/
vaļmõz,/vɑʎməz/
salā,/sɑlɑː/
kangtõ,/kɑnɡtə/
kāika,/kɑːikɑ/
u’mmistõ,/uˀmːistə/
a’lli,/ɑˀlːi/
krupā,/krupɑː/
septembõr,/septembər/
lōka,/loːkɑ/
bomīkšõ,/bomiːkʃə/
nȭrka,/nəːrkɑ/
tulk,/tulk/
tinā,/tinɑː/
kī,/kiː/
i’ļ,/iˀʎ/
lūomõz,/luːoməz/
lu’m,/luˀm/
alā,/ɑlɑː/
kāinal,/kɑːinɑl/
muzīk,/muziːk/
umbõ,/umbə/
pīņõ,/piːɲə/
pǟlõ,/pæːlə/
pūŗitõ,/puːrʲitə/
februar,/februɑr/
ku,/ku/
neļļõndpǟva,/neʎːəndpæːvɑ/
kougõl,/kouɡəl/
ǭla,/ɒːlɑ/
nūolõ,/nuːolə/
vīțõ,/viːcə/
mȯ’lmõd,/mɤˀlməd/
opātiji,/opɑːtiji/
je’ds,/jeˀds/
ku,/ku/
pistõ,/pistə/
tuoi,/tuoi/
vabā,/vɑbɑː/
kūoiba,/kuːoibɑ/
Īrajo’ug,/iːrɑjoˀuɡ/
pǭ’mi,/pɒːˀmi/
razā,/rɑzɑː/
mēļ,/meːʎ/
Jālgab,/jɑːlɡɑb/
liepā,/liepɑː/
Austrij,/ɑustrij/
vīmba,/viːmbɑ/
vȯ’lmsõnā,/vɤˀlmsənɑː/
toļ,/toʎ/
novembõr,/novembər/
või,/vəi/
damā,/dɑmɑː/
mȯistli,/mɤistli/
vīrdõg,/viːrdəɡ/
kittõ,/kitːə/
ȭ’gõ,/əːˀɡə/
vīdkimdõz,/viːdkimdəz/
kuolmsadā,/kuolmsɑdɑː/
evangēlium,/evɑnɡeːlium/
lēḑ,/leːɟ/
aņgõrz,/ɑɲɡərz/
kõvīst,/kəviːst/
ažāsõnā,/ɑʒɑːsənɑː/
ä’busk,/æˀbusk/
bībõl,/biːbəl/
rabā,/rɑbɑː/
touvõaigā,/touvəɑiɡɑː/
tšoļk,/t͡ʃoʎk/
je’ngõz,/jeˀnɡəz/
sõ’v,/səˀv/
oudõ,/oudə/
ārga,/ɑːrɡɑ/
līst,/liːst/
īedõ,/iːedə/
lȭtstõ,/ləːtstə/
ni’msõnā,/niˀmsənɑː/
vilkõ,/vilkə/
ve’l,/veˀl/
kimdõ,/kimdə/
ku’bbõ,/kuˀbːə/
pēgal,/peːɡɑl/
pȯrt,/pɤrt/
jǭsõ,/jɒːsə/
ikš,/ikʃ/
pālkali,/pɑːlkɑli/
teib,/teib/
sīpõllōka,/siːpəlːoːkɑ/
drukkõ,/drukːə/
āigal,/ɑːiɡɑl/
kuppõnsēmḑa,/kupːənseːmɟɑ/
kǭv,/kɒːv/
kōp,/koːp/
agānd,/ɑɡɑːnd/
kilgsõ,/kilɡsə/
u’nnõ,/uˀnːə/
nȭŗkõz,/nəːrʲkəz/
vä’g,/væˀɡ/
kinō,/kinoː/
kä’dlabā,/kæˀdlɑbɑː/
ro’v,/roˀv/
Pǟrnov,/pæːrnov/
kastõ,/kɑstə/
laigā,/lɑiɡɑː/
pie’rrõ,/pieˀrːə/
tagā,/tɑɡɑː/
kuostõ,/kuostə/
Īsland,/iːslɑnd/
algõ,/ɑlɡə/
mīeldõ,/miːeldə/
ti’g,/tiˀɡ/
kuolmi,/kuolmi/
sa’m,/sɑˀm/
sēr,/seːr/
võ’ilõ,/vəˀilə/
pū’dõz,/puːˀdəz/
la’z,/lɑˀz/
pǟgiņž,/pæːɡiɲʒ/
jõugõ,/jəuɡə/
aigõ,/ɑiɡə/
palā,/pɑlɑː/
kuldi,/kuldi/
pie’rrõ,/pieˀrːə/
irm,/irm/
va’l,/vɑˀl/
lušti,/luʃti/
pa’ŗ,/pɑˀrʲ/
joutõm,/joutəm/
sižālikki,/siʒɑːlikːi/
skrūodõr,/skruːodər/
jettõ,/jetːə/
sǟrna,/sæːrnɑ/
maigāz,/mɑiɡɑːz/
rištizā,/riʃtizɑː/
i’mmõ,/iˀmːə/
pivāpǟva,/pivɑːpæːvɑ/
ki’zzõ,/kiˀzːə/
piedāg,/piedɑːɡ/
ī’dõkskimdõ,/iːˀdəkskimdə/
vīdõz,/viːdəz/
vǭjastõ,/vɒːjɑstə/
smēḑ,/smeːɟ/
ovār,/ovɑːr/
pǟgiņlu’g,/pæːɡiɲluˀɡ/
karū,/kɑruː/
datīv,/dɑtiːv/
tink,/tink/
mȭk,/məːk/
je’llõ,/jeˀlːə/
vi’l,/viˀl/
sižāli,/siʒɑːli/
nummõrz,/numːərz/
urgõ,/urɡə/
jõ’vvõ,/jəˀvːə/
lä’b,/læˀb/
bǭļa,/bɒːʎɑ/
lītõld,/liːtəld/
ang,/ɑnɡ/
kanā,/kɑnɑː/
kōsta,/koːstɑ/
kast,/kɑst/
rīprok,/riːprok/
kuolmsadāz,/kuolmsɑdɑːz/
nīlba,/niːlbɑ/
kēratiji,/keːrɑtiji/
pizār,/pizɑːr/
tulūks,/tuluːks/
ibūks,/ibuːks/
tī’emizsõnā,/tiːˀemizsənɑː/
tästā,/tæstɑː/
krūogõ,/kruːoɡə/
sulg,/sulɡ/
opātõ,/opɑːtə/
plūm,/pluːm/
tuoisti,/tuoisti/
jutlõks,/jutləks/
eļkõ,/eʎkə/
izāmǭ,/izɑːmɒː/
elatīv,/elɑtiːv/
kim,/kim/
līedõg,/liːedəɡ/
killõ,/kilːə/
kupšā,/kupʃɑː/
Bosnij,/bosnij/
Pǟva,/pæːvɑ/
kõ’urõ,/kəˀurə/
kand,/kɑnd/
vigāli,/viɡɑːli/
kõ’r,/kəˀr/
vabām,/vɑbɑːm/
julgi,/julɡi/
seismõztuoistõnz,/seisməztuoistənz/
vēļa,/veːʎɑ/
kistõ,/kistə/
printsip,/printsip/
kītõ,/kiːtə/
ma’ggõ,/mɑˀɡːə/
rētš,/reːt͡ʃ/
va’nnõ,/vɑˀnːə/
kõuvõ,/kəuvə/
tū’gõpǟva,/tuːˀɡəpæːvɑ/
va’ild,/vɑˀild/
borkõn,/borkən/
Sibīrij,/sibiːrij/
mu’rrõ,/muˀrːə/
kațki,/kɑcki/
lä’bbõ,/læˀbːə/
ka,/kɑ/
pǭŗkimdõ,/pɒːrʲkimdə/
sipšlõ,/sipʃlə/
pūrmaņ,/puːrmɑɲ/
ind,/ind/
so’v,/soˀv/
ke’ržõ,/keˀrʒə/
tūoitõg,/tuːoitəɡ/
Dēņmǭ,/deːɲmɒː/
siepā,/siepɑː/
alfabēt,/ɑlfɑbeːt/
jemīņ,/jemiːɲ/
pīrgal,/piːrɡɑl/
Irē,/ireː/
sīend,/siːend/
ve’rri,/veˀrːi/
Rumāņmǭ,/rumɑːɲmɒː/
va’ŗtõ,/vɑˀrʲtə/
lejā,/lejɑː/
lajā,/lɑjɑː/
no,/no/
vǭ’,/vɒːˀ/
statsij,/stɑtsij/
salāk,/sɑlɑːk/
ta’lk,/tɑˀlk/
kī’l,/kiːˀl/
ulzõ,/ulzə/
verm,/verm/
ikš,/ikʃ/
kiršõmǭŗa,/kirʃəmɒːrʲɑ/
tīepǟva,/tiːepæːvɑ/
siktār,/siktɑːr/
siļg,/siʎɡ/
ku’l,/kuˀl/
jõugõmǭŗa,/jəuɡəmɒːrʲɑ/
a’ltõ,/ɑˀltə/
irīkšõ,/iriːkʃə/
su’g,/suˀɡ/
ažāpū,/ɑʒɑːpuː/
kik,/kik/
mõtsākaits,/mətsɑːkɑits/
pǟlõ,/pæːlə/
ta’bbõ,/tɑˀbːə/
vā’giž,/vɑːˀɡiʒ/
nä’gțõ,/næˀɡcə/
mǭl,/mɒːl/
uldõ,/uldə/
mõlā,/məlɑː/
venkõ,/venkə/
salāj,/sɑlɑːj/
Kūolkananā,/kuːolkɑnɑnɑː/
me’ž,/meˀʒ/
umārz,/umɑːrz/
Mustānum,/mustɑːnum/
tegīž,/teɡiːʒ/
pie’zzõ,/pieˀzːə/
lougli,/louɡli/
jatkõ,/jɑtkə/
algõm,/ɑlɡəm/
kukkõ,/kukːə/
tulkõ,/tulkə/
kūlda,/kuːldɑ/
lūk,/luːk/
suotkõ,/suotkə/
Bulgārij,/bulɡɑːrij/
nõtkāz,/nətkɑːz/
ma’gḑõ,/mɑˀɡɟə/
lakt,/lɑkt/
roudi,/roudi/
sūrmõd,/suːrməd/
pūoga,/puːoɡɑ/
kõuvõ,/kəuvə/
vīž,/viːʒ/
sǭmal,/sɒːmɑl/
sǭtõks,/sɒːtəks/
nuŗm,/nurʲm/
siegās,/sieɡɑːs/
tilā,/tilɑː/
kǭ’dõkskimdõ,/kɒːˀdəkskimdə/
tikkiž,/tikːiʒ/
sūŗit,/suːrʲit/
pan,/pɑn/
pȯ’j,/pɤˀj/
pīertõ,/piːertə/
Ēstimǭ,/eːstimɒː/
rinkõ,/rinkə/
Vāldame’r,/vɑːldɑmeˀr/
pitkittē’ḑ,/pitkitːeːˀɟ/
rīžõ,/riːʒə/
pūtõ,/puːtə/
kuordi,/kuordi/
istōrij,/istoːrij/
uim,/uim/
kardi,/kɑrdi/
la’gdõ,/lɑˀɡdə/
alz,/ɑlz/
äm,/æm/
lȭinagstāiga,/ləːinɑɡstɑːiɡɑ/
pietūks,/pietuːks/
liegā,/lieɡɑː/
kīerlõ,/kiːerlə/
õigi,/əiɡi/
jūokš,/juːokʃ/
sipriki,/sipriki/
mõtsāizānd,/mətsɑːizɑːnd/
mulk,/mulk/
sūoli,/suːoli/
škink,/ʃkink/
pilktõ,/pilktə/
tȭla,/təːlɑ/
nēļatuoistõn,/neːʎɑtuoistən/
ki’r,/kiˀr/
o’unõmǭŗa,/oˀunəmɒːrʲɑ/
piettõ,/pietːə/
pē’ḑõn,/peːˀɟən/
mǭmīez,/mɒːmiːez/
tagānd,/tɑɡɑːnd/
irmõz,/irməz/
vīž,/viːʒ/
gaffõl,/ɡɑfːəl/
tāibaz,/tɑːibɑz/
kuordõ,/kuordə/
alīz,/ɑliːz/
parāz,/pɑrɑːz/
põ’ddõrz,/pəˀdːərz/
jõ’vvõ,/jəˀvːə/
vȯigõ,/vɤiɡə/
lovā,/lovɑː/
Leišmǭ,/leiʃmɒː/
sǟ’lõ,/sæːˀlə/
paistõ,/pɑistə/
kūona,/kuːonɑ/
kīš,/kiːʃ/
kāngaz,/kɑːnɡɑz/
louv,/louv/
eļ,/eʎ/
tǭ’dõ,/tɒːˀdə/
ildīņ,/ildiːɲ/
ä’ggõz,/æˀɡːəz/
seissadā,/seisːɑdɑː/
tȭratõ,/təːrɑtə/
rattõd,/rɑtːəd/
pivākuodā,/pivɑːkuodɑː/
täpīņtõ,/tæpiːɲtə/
vi’l,/viˀl/
rǭstõ,/rɒːstə/
a’bbõnd,/ɑˀbːənd/
kīņḑõl,/kiːɲɟəl/
miljon,/miljon/
ku,/ku/
itkõ,/itkə/
sa’d,/sɑˀd/
ruoikõ,/ruoikə/
istõ,/istə/
nūoŗpǭŗ,/nuːorʲpɒːrʲ/
luoik,/luoik/
pāina,/pɑːinɑ/
pandõks,/pɑndəks/
tsukkõr,/tsukːər/
sõnārǭntõz,/sənɑːrɒːntəz/
āinakerk,/ɑːinɑkerk/
lindõ,/lində/
pī’lgõz,/piːˀlɡəz/
mõgā,/məɡɑː/
sǭra,/sɒːrɑ/
ma,/mɑ/
a’lmi,/ɑˀlmi/
obāz,/obɑːz/
tuoitõ,/tuoitə/
zōigõ,/zɒːiɡə/
le’žgli,/leˀʒɡli/
sidāmli,/sidɑːmli/
piškivīļa,/piʃkiviːʎɑ/
paḑā,/pɑɟɑː/
ǟrmatõ,/æːrmɑtə/
kīela,/kiːelɑ/
krīzdag,/kriːzdɑɡ/
jūomnāiga,/juːomnɑːiɡɑ/
jumāl,/jumɑːl/
paizõ,/pɑizə/
bǭik,/bɒːik/
uḑā,/uɟɑː/
pubā,/pubɑː/
pȯigõ,/pɤiɡə/
loulõ,/loulə/
ta,/tɑ/
aițumāl,/ɑicumɑːl/
mīm,/miːm/
epțõ,/epcə/
mänd,/mænd/
pallõ,/pɑlːə/
tu’ļ,/tuˀʎ/
je’ddõpē’ḑõn,/jeˀdːəpeːˀɟən/
i’ļļiskūol,/iˀʎːiskuːol/
tēg,/teːɡ/
vä’ztõ,/væˀztə/
pīgõz,/piːɡəz/
vālgamǭ,/vɑːlɡɑmɒː/
mie’r,/mieˀr/
rištli,/riʃtli/
kūdsadāz,/kuːdsɑdɑːz/
Itālij,/itɑːlij/
kīņḑõl,/kiːɲɟəl/
ūsõd,/uːsəd/
ī’žki’lliji,/iːˀʒkiˀlːiji/
särg,/særɡ/
kultūr,/kultuːr/
lind,/lind/
pǭțõr,/pɒːcər/
pakānd,/pɑkɑːnd/
spek,/spek/
pūol,/puːol/
je’lsõ,/jeˀlsə/
ouk,/ouk/
bumbīer,/bumbiːer/
iŗāmǭŗa,/irʲɑːmɒːrʲɑ/
tei,/tei/
aigāmǭlõ,/ɑiɡɑːmɒːlə/
tijāld,/tijɑːld/
li’bḑi,/liˀbɟi/
maksā,/mɑksɑː/
kīņḑõlpǟva,/kiːɲɟəlpæːvɑ/
lūotõ,/luːotə/
täudõ,/tæudə/
i’mmõ,/iˀmːə/
līndamašīn,/liːndɑmɑʃiːn/
rōza,/roːzɑ/
āigiņ,/ɑːiɡiɲ/
sa’ddõl,/sɑˀdːəl/
kõ’ddõrz,/kəˀdːərz/
īlma,/iːlmɑ/
pietk,/pietk/
lūod,/luːod/
äp,/æp/
vīțõ,/viːcə/
kǭ’dtuoistõnz,/kɒːˀdtuoistənz/
zirmi,/zirmi/
kaņț,/kɑɲc/
o’v,/oˀv/
mõtlõ,/mətlə/
ūdāigastkū,/uːdɑːiɡɑstkuː/
lī’ekõni’m,/liːˀekəniˀm/
engõl,/enɡəl/
aldõst,/ɑldəst/
rǭibõ,/rɒːibə/
sõnā,/sənɑː/
eļļõ,/eʎːə/
set,/set/
taplõ,/tɑplə/
a’zmõl,/ɑˀzməl/
kūolta,/kuːoltɑ/
katōļusk,/kɑtoːʎusk/
kiužõ,/kiuʒə/
sa’ggõld,/sɑˀɡːəld/
ovāt,/ovɑːt/
vi’r,/viˀr/
sitkõz,/sitkəz/
ij,/ij/
rip,/rip/
rīvõ,/riːvə/
kūlõ,/kuːlə/
ǭ’dõrz,/ɒːˀdərz/
ī’dõkssadā,/iːˀdəksːɑdɑː/
lask,/lɑsk/
kruțk,/kruck/
loļ,/loʎ/
pa’llõ,/pɑˀlːə/
lȭinagizt,/ləːinɑɡizt/
kui,/kui/
ku’bbõ,/kuˀbːə/
kus,/kus/
jūrõ,/juːˀrə/
pappõl,/pɑpːəl/
vȯiti,/vɤiti/
ǟnda,/æːndɑ/
februār,/februɑːr/
rips,/rips/
ku’ddõ,/kuˀdːə/
ku,/ku/
vī’mkū,/viːˀmkuː/
lǭja,/lɒːjɑ/
kurā,/kurɑː/
Kūolkakõlā,/kuːolkɑkəlɑː/
appāina,/ɑpːɑːinɑ/
kǭŗa,/kɒːrʲɑ/
bīlda,/biːldɑ/
tūoimki,/tuːoimki/
mǭkierā,/mɒːkierɑː/
ta’ggi,/tɑˀɡːi/
vast,/vɑst/
mitskimdõ,/mitskimdə/
irgõ,/irɡə/
nȭŗka,/nəːrʲkɑ/
lōlami,/loːlɑmi/
land,/lɑnd/
jutlõ,/jutlə/
Līvõmǭ,/liːvəmɒː/
kimdõz,/kimdəz/
mudā,/mudɑː/
e’ḑḑini’m,/eˀɟːiniˀm/
nǭ’gõ,/nɒːˀɡə/
takā,/tɑkɑː/
madāltõ,/mɑdɑːltə/
kierdi,/kierdi/
nädīļ,/nædiːʎ/
kāndla,/kɑːndlɑ/
prepozītsijõ,/prepoziːtsijə/
kaimkuodā,/kɑimkuodɑː/
tīerat,/tiːerɑt/
kakšsadā,/kɑkʃsɑdɑː/
vǟ’rõd,/væːˀrəd/
immõrtõ,/imːərtə/
kēja,/keːjɑ/
ul,/ul/
kengõ,/kenɡə/
pu’ggõ,/puˀɡːə/
kȭr,/kəːr/
jegāikš,/jeɡɑːikʃ/
vabā,/vɑbɑː/
kazātõ,/kɑzɑːtə/
kukkõr,/kukːər/
li’bḑi,/liˀbɟi/
lõks,/ləks/
kontsert,/kontsert/
kǭrand,/kɒːrɑnd/
limā,/limɑː/
kuigid,/kuiɡid/
vannõ,/vɑnːə/
jǭra,/jɒːrɑ/
kaimõ,/kɑimə/
võttõ,/vətːə/
jālgab,/jɑːlɡɑb/
rabā,/rɑbɑː/
jūoji,/juːoji/
tutkām,/tutkɑːm/
jarā,/jɑrɑː/
kuo’žžõ,/kuoˀʒːə/
aim,/ɑim/
sīli,/siːli/
vǭļikšiji,/vɒːʎikʃiji/
rȭskõ,/rəːskə/
brūokst,/bruːokst/
tūorõz,/tuːorəz/
vaņšti,/vɑɲʃti/
tēgal,/teːɡɑl/
tä’v,/tæˀv/
kabāt,/kɑbɑːt/
Frantsij,/frɑntsij/
kõzātõ,/kəzɑːtə/
kīš,/kiːʃ/
kunā,/kunɑː/
lǭ’nõz,/lɒːˀnəz/
salātõ,/sɑlɑːtə/
nǟlgastõ,/næːlɡɑstə/
lubā,/lubɑː/
immõr,/imːər/
nustõ,/nustə/
kǭņtš,/kɒːɲt͡ʃ/
kukki,/kukːi/
āltar,/ɑːltɑr/
mǭ,/mɒː/
latǟrn,/lɑtæːrn/
nūškõ,/nuːʃkə/
seismõz,/seisməz/
a’lli,/ɑˀlːi/
midāgõd,/midɑːɡəd/
smagā,/smɑɡɑː/
usk,/usk/
vȯdā,/vɤdɑː/
sä’dgõz,/sæˀdɡəz/
inesīv,/inesiːv/
nīlba,/niːlbɑ/
kǭ’dõkstuoistõnz,/kɒːˀdəkstuoistənz/
li’ggõ,/liˀɡːə/
kalā,/kɑlɑː/
õ’bbi,/əˀbːi/
pē’gõz,/peːˀɡəz/
tarmõ,/tɑrmə/
va’il,/vɑˀil/
ikštuoistõn,/ikʃtuoistən/
vȯi,/vɤi/
kengmõd,/kenɡməd/
nä,/næ/
vȯ’ŗki,/vɤˀrʲki/
strepīd,/strepiːd/
lieppõ,/liepːə/
bīskop,/biːskop/
radā,/rɑdɑː/
piḑīm,/piɟiːm/
līedõg,/liːedəɡ/
munādkuoț,/munɑːdkuoc/
akkõ,/ɑkːə/
täs,/tæs/
kouv,/kouv/
rī’j,/riːˀj/
rīț,/riːc/
pūgõ,/puːɡə/
izānd,/izɑːnd/
pǟva,/pæːvɑ/
lastā,/lɑstɑː/
brīõz,/briːəz/
dūrbal,/duːrbɑl/
azūmnikā,/ɑzuːmnikɑː/
lǟtšõz,/læːt͡ʃəz/
neitst,/neitst/
īe,/iːe/
vīžkimdõ,/viːʒkimdə/
kǭla,/kɒːlɑ/
ānkaŗ,/ɑːnkɑrʲ/
pakkõ,/pɑkːə/
povār,/povɑːr/
tūrgõz,/tuːrɡəz/
vald,/vɑld/
lūdõ,/luːdə/
nētša,/neːt͡ʃɑ/
sižāli,/siʒɑːli/
vaksā,/vɑksɑː/
mȯ’jjõ,/mɤˀjːə/
nēļakimdõz,/neːʎɑkimdəz/
vaŗīkš,/vɑrʲiːkʃ/
likkõ,/likːə/
skrõuv,/skrəuv/
Rū’nõ,/ruːˀnə/
kuorrõl,/kuorːəl/
kilgstõ,/kilɡstə/
kūolõm,/kuːoləm/
ve’žži,/veˀʒːi/
pī’ldzi,/piːˀldzi/
rištjemā,/riʃtjemɑː/
mū,/muː/
kīetõ,/kiːetə/
gadāg,/ɡɑdɑːɡ/
sūormõks,/suːorməks/
sǭmaltõ,/sɒːmɑltə/
lask,/lɑsk/
vīps,/viːps/
zäp,/zæp/
vāldiž,/vɑːldiʒ/
īņõz,/iːɲəz/
īeīr,/iːeiːr/
pūolīe,/puːoliːe/
lāmbaz,/lɑːmbɑz/
and,/ɑnd/
lǭ’gstõ,/lɒːˀɡstə/
sieldõ,/sieldə/
ņäpā,/ɲæpɑː/
lu’mmi,/luˀmːi/
koks,/koks/
kaš,/kɑʃ/
lakād,/lɑkɑːd/
sa’gdõ,/sɑˀɡdə/
vagāŗ,/vɑɡɑːrʲ/
jakt,/jɑkt/
nanāǭ’rõn,/nɑnɑːɒːˀrən/
laitõ,/lɑitə/
rǭntõz,/rɒːntəz/
nukkõr,/nukːər/
tuoistõnz,/tuoistənz/
joutõmläpš,/joutəmlæpʃ/
vǭ’dõr,/vɒːˀdər/
arāgõz,/ɑrɑːɡəz/
sadāz,/sɑdɑːz/
pǟldõ,/pæːldə/
pīla,/piːlɑ/
salā,/sɑlɑː/
svinā,/svinɑː/
sumār,/sumɑːr/
pe’rri,/peˀrːi/
kǟ’tõ,/kæːˀtə/
appõnrok,/ɑpːənrok/
ke’ž,/keˀʒ/
riek,/riek/
ļäpā,/ʎæpɑː/
värb,/værb/
äbī,/æbiː/
sūrslõ,/suːrslə/
āita,/ɑːitɑ/
kūdtuoistõnz,/kuːdtuoistənz/
pīk,/piːk/
teļļõ,/teʎːə/
Sǟnag,/sæːnɑɡ/
sittõ,/sitːə/
rikūz,/rikuːz/
kīeldõ,/kiːeldə/
vä’ggi,/væˀɡːi/
lē’ḑ,/leːˀɟ/
rīț,/riːc/
ī’dõkskimdõz,/iːˀdəkskimdəz/
seistuoistõnz,/seistuoistənz/
azūmsõnā,/ɑzuːmsənɑː/
rūoiska,/ruːoiskɑ/
patli,/pɑtli/
oksnõ,/oksnə/
sūrli,/suːrli/
vizās,/vizɑːs/
va’llõ,/vɑˀlːə/
irdi,/irdi/
kärp,/kærp/
kabāl,/kɑbɑːl/
irg,/irɡ/
polākõz,/polɑːkəz/
rujā,/rujɑː/
ouki,/ouki/
lǭņtš,/lɒːɲt͡ʃ/
pi’ds,/piˀds/
sīņõ,/siːɲə/
e’ḑḑi,/eˀɟːi/
i’zt,/iˀzt/
ī’t,/iːˀt/
katkõ,/kɑtkə/
Jeime’r,/jeimeˀr/
pōna,/poːnɑ/
pīkstõ,/piːkstə/
pīerõ,/piːerə/
u’mmitsõnā,/uˀmːitsənɑː/
vīnõmǭŗa,/viːnəmɒːrʲɑ/
ma’gḑi,/mɑˀɡɟi/
vȯ’zzõ,/vɤˀzːə/
virgõ,/virɡə/
maitsõ,/mɑitsə/
vizā,/vizɑː/
a’m,/ɑˀm/
o’vstõd,/oˀvstəd/
i’lzõ,/iˀlzə/
brõuvõ,/brəuvə/
kǟrani,/kæːrɑni/
joudõ,/joudə/
tšūrtša,/t͡ʃuːrt͡ʃɑ/
pūmpar,/puːmpɑr/
tubāpēļi,/tubɑːpeːʎi/
ve’ržõ,/veˀrʒə/
mõtsāsigā,/mətsɑːsiɡɑː/
lu’ggõ,/luˀɡːə/
u’ņ,/uˀɲ/
r,/r/
tēj,/teːj/
mašīn,/mɑʃiːn/
kie’v,/kieˀv/
tõ’v,/təˀv/
kittõb,/kitːəb/
o’vstõd,/oˀvstəd/
kūkēra,/kuːkeːrɑ/
ku’ž,/kuˀʒ/
mittõ,/mitːə/
lu’gsõnā,/luˀɡsənɑː/
kǟ’dõ,/kæːˀdə/
mäng,/mænɡ/
pārmaz,/pɑːrmɑz/
eitõ,/eitə/
rǭgõz,/rɒːɡəz/
āigast,/ɑːiɡɑst/
oppõr,/opːər/
ykš,/ykʃ/
vie’nnõ,/vieˀnːə/
ī’ž,/iːˀʒ/
viļt,/viʎt/
immõr,/imːər/
nujā,/nujɑː/
si’zzõl,/siˀzːəl/
kirt,/kirt/
alīz,/ɑliːz/
ka’ggõl,/kɑˀɡːəl/
pūŗaz,/puːrʲɑz/
mūnda,/muːndɑ/
tierōda,/tieroːdɑ/
pärsōn,/pærsoːn/
tī’kõ,/tiːˀkə/
le’bbõ,/leˀbːə/
je’l,/jeˀl/
vȯidõ,/vɤidə/
Krī’evõmǭ,/kriːˀevəmɒː/
ve’ž,/veˀʒ/
pǭ’dõz,/pɒːˀdəz/
kȭidaz,/kəːidɑz/
tū’ontõ,/tuːˀontə/
jǭlõks,/jɒːləks/
immõr,/imːər/
rīpõ,/riːpə/
rīsõd,/riːsəd/
tsīļ,/tsiːʎ/
vastālovā,/vɑstɑːlovɑː/
tǟ’tõ,/tæːˀtə/
sugā,/suɡɑː/
tokš,/tokʃ/
kīņḑõljālga,/kiːɲɟəljɑːlɡɑ/
pi’ddõ,/piˀdːə/
a’b,/ɑˀb/
tagāmūpõ,/tɑɡɑːmuːpə/
sǟlga,/sæːlɡɑ/
närv,/nærv/
a’llitas,/ɑˀlːitɑs/
nīņ,/niːɲ/
pǟvaļikki,/pæːvɑʎikːi/
sõzār,/səzɑːr/
tagānd,/tɑɡɑːnd/
plīț,/pliːc/
nī’em,/niːˀem/
kǭ’dõkstuoistõn,/kɒːˀdəkstuoistən/
a’ž,/ɑˀʒ/
āigast,/ɑːiɡɑst/
ǟrma,/æːrmɑ/
ne’ikuine’i,/neˀikuineˀi/
täutõ,/tæutə/
mēg,/meːɡ/
vīț,/viːc/
sīlda,/siːldɑ/
Amērik,/ɑmeːrik/
kaitsõ,/kɑitsə/
loulõ,/loulə/
painõ,/pɑinə/
pie’rrõ,/pieˀrːə/
rīnda,/riːndɑ/
sēji,/seːji/
okš,/okʃ/
mǭŗa,/mɒːrʲɑ/
je’ddõ,/jeˀdːə/
jõbā,/jəbɑː/
tuoit,/tuoit/
vȯrā,/vɤrɑː/
uļļi,/uʎːi/
īlma,/iːlmɑ/
sva’rrõ,/svɑˀrːə/
madāli,/mɑdɑːli/
ēriņ,/eːriɲ/
kīndaz,/kiːndɑz/
tīetõ,/tiːetə/
gārban,/ɡɑːrbɑn/
ilā,/ilɑː/
läpš,/læpʃ/
i’ggi,/iˀɡːi/
veis,/veis/
sūol,/suːol/
kamār,/kɑmɑːr/
tǭ’mi,/tɒːˀmi/
Norvēgij,/norveːɡij/
kȭlbatõ,/kəːlbɑtə/
būmbal,/buːmbɑl/
paŗī,/pɑrʲiː/
va’ilõ,/vɑˀilə/
sinā,/sinɑː/
nemē,/nemeː/
kuoț,/kuoc/
pūol,/puːol/
va’l,/vɑˀl/
vigā,/viɡɑː/
a’bbõrz,/ɑˀbːərz/
pitkā,/pitkɑː/
va’nliki,/vɑˀnliki/
vǭ’jli,/vɒːˀjli/
e’gļi,/eˀɡʎi/
Pūoļmǭ,/puːoʎmɒː/
nabā,/nɑbɑː/
tomāt,/tomɑːt/
ku’ddõ,/kuˀdːə/
vārbaz,/vɑːrbɑz/
sušā,/suʃɑː/
lapsttarā,/lɑpstːɑrɑː/
nõ’ddõr,/nəˀdːər/
kīndõr,/kiːndər/
piški,/piʃki/
tieud,/tieud/
kaptēn,/kɑpteːn/
ablatīv,/ɑblɑtiːv/
aktsent,/ɑktsent/
rõkāndiji,/rəkɑːndiji/