orthography,gold,prediction,accuracy
bokko,/ˈbokːo/,/ˈbokːo/,0.0
briha,/ˈbrihɑ/,/ˈbrihɑ/,0.0
da,/ˈdɑ/,/ˈdɑ/,0.0
dekabrʹa,/ˈdʲekɑbrʲɑ/,/ˈdʲekɑbrʲɑ/,0.0
ei,/ˈei̯/,/ˈei̯/,0.0
eklein,/ˈeklʲei̯n/,/ˈeklʲei̯n/,0.0
eklen,/ˈeklʲen/,/ˈeklʲen/,0.0
elo,/ˈelo/,/ˈelo/,0.0
emä,/ˈemæ/,/ˈemæ/,0.0
eri,/ˈeri/,/ˈeri/,0.0
ešte,/ˈeʃtʲe/,/ˈeʃtʲe/,0.0
eepossa,/ˈeːposːɑ/,/ˈeːposːɑ/,0.0
flynteri,/ˈflʲyntʲeri/,/ˈflʲyntʲeri/,0.0
hebo,/ˈhebo/,/ˈhebo/,0.0
hebone,/ˈhebonʲe/,/ˈhebonʲe/,0.0
heikko,/ˈhei̯kːo/,/ˈhei̯kːo/,0.0
heimo,/ˈhei̯mo/,/ˈhei̯mo/,0.0
heinä,/ˈhei̯nʲæ/,/ˈhei̯nʲæ/,0.0
hepo,/ˈhepo/,/ˈhepo/,0.0
heponi,/ˈheponʲi/,/ˈheponʲi/,0.0
herneh,/ˈhernʲeh/,/ˈhernʲeh/,0.0
hibie,/ˈhibie̯/,/ˈhibie̯/,0.0
hiki,/ˈhiki/,/ˈhiki/,0.0
hipie,/ˈhipie̯/,/ˈhipie̯/,0.0
hirvi,/ˈhirʋi/,/ˈhirʋi/,0.0
hiän,/ˈhiæ̯n/,/ˈhiæ̯n/,0.0
hivuš,/ˈhiʋuʃ/,/ˈhiʋuʃ/,0.0
hiiri,/ˈhiːri/,/ˈhiːri/,0.0
homeh,/ˈhomeh/,/ˈhomeh/,0.0
hoppu,/ˈhopːu/,/ˈhopːu/,0.0
hospodi,/ˈhospodʲi/,/ˈhospodʲi/,0.0
hospoti,/ˈhospotʲi/,/ˈhospotʲi/,0.0
huja,/ˈhujɑ/,/ˈhujɑ/,0.0
hukka,/ˈhukːɑ/,/ˈhukːɑ/,0.0
huoli,/ˈhuo̯lʲi/,/ˈhuo̯lʲi/,0.0
huomena,/ˈhuo̯menɑ/,/ˈhuo̯menɑ/,0.0
huono,/ˈhuo̯no/,/ˈhuo̯no/,0.0
huttu,/ˈhutːu/,/ˈhutːu/,0.0
huuhkaja,/ˈhuːhkɑjɑ/,/ˈhuːhkɑjɑ/,0.0
huukkaja,/ˈhuːkːɑjɑ/,/ˈhuːkːɑjɑ/,0.0
huuli,/ˈhuːlʲi/,/ˈhuːlʲi/,0.0
hyppy,/ˈhypːy/,/ˈhypːy/,0.0
hyö,/ˈhyø̯/,/ˈhyø̯/,0.0
hyvä,/ˈhyʋæ/,/ˈhyʋæ/,0.0
hyybie,/ˈhyːbie̯/,/ˈhyːbie̯/,0.0
hyypie,/ˈhyːpie̯/,/ˈhyːpie̯/,0.0
hädä,/ˈhædʲæ/,/ˈhædʲæ/,0.0
häkki,/ˈhækːi/,/ˈhækːi/,0.0
härkä,/ˈhærkæ/,/ˈhærkæ/,0.0
hätä,/ˈhætʲæ/,/ˈhætʲæ/,0.0
höberö,/ˈhøberø/,/ˈhøberø/,0.0
höperö,/ˈhøperø/,/ˈhøperø/,0.0
höyli,/ˈhøy̯lʲi/,/ˈhøy̯lʲi/,0.0
höyry,/ˈhøy̯ry/,/ˈhøy̯ry/,0.0
haju,/ˈhɑju/,/ˈhɑju/,0.0
hajukaš,/ˈhɑjukɑʃ/,/ˈhɑjukɑʃ/,0.0
hameh,/ˈhɑmeh/,/ˈhɑmeh/,0.0
hammaš,/ˈhɑmːɑʃ/,/ˈhɑmːɑʃ/,0.0
hanhi,/ˈhɑnhi/,/ˈhɑnhi/,0.0
hapan,/ˈhɑpɑn/,/ˈhɑpɑn/,0.0
hapata,/ˈhɑpɑtɑ/,/ˈhɑpɑtɑ/,0.0
harju,/ˈhɑrju/,/ˈhɑrju/,0.0
harmua,/ˈhɑrmuɑ̯/,/ˈhɑrmuɑ̯/,0.0
harpata,/ˈhɑrpɑtɑ/,/ˈhɑrpɑtɑ/,0.0
harpauš,/ˈhɑrpɑu̯ʃ/,/ˈhɑrpɑu̯ʃ/,0.0
harppauš,/ˈhɑrpːɑu̯ʃ/,/ˈhɑrpːɑu̯ʃ/,0.0
harakka,/ˈhɑrɑkːɑ/,/ˈhɑrɑkːɑ/,0.0
hauda,/ˈhɑu̯dɑ/,/ˈhɑu̯dɑ/,0.0
hauki,/ˈhɑu̯ki/,/ˈhɑu̯ki/,0.0
haukka,/ˈhɑu̯kːɑ/,/ˈhɑu̯kːɑ/,0.0
hauta,/ˈhɑu̯tɑ/,/ˈhɑu̯tɑ/,0.0
ihmini,/ˈihminʲi/,/ˈihminʲi/,0.0
ijen,/ˈijen/,/ˈijen/,0.0
ijulʹa,/ˈijulʲɑ/,/ˈijulʲɑ/,0.0
ijunʹa,/ˈijunʲɑ/,/ˈijunʲɑ/,0.0
ikä,/ˈikæ/,/ˈikæ/,0.0
ilda,/ˈildɑ/,/ˈildɑ/,0.0
ilma,/ˈilmɑ/,/ˈilmɑ/,0.0
ilta,/ˈiltɑ/,/ˈiltɑ/,0.0
ilveyš,/ˈilʋey̯ʃ/,/ˈilʋey̯ʃ/,0.0
ilveš,/ˈilʋeʃ/,/ˈilʋeʃ/,0.0
imadra,/ˈimɑdrɑ/,/ˈimɑdrɑ/,0.0
istuo,/ˈistuo̯/,/ˈistuo̯/,0.0
itikkä,/ˈitʲikːæ/,/ˈitʲikːæ/,0.0
iče,/ˈit͡ʃe/,/ˈit͡ʃe/,0.0
iččeh,/ˈit͡ʃːeh/,/ˈit͡ʃːeh/,0.0
iččeni,/ˈit͡ʃːenʲi/,/ˈit͡ʃːenʲi/,0.0
iččeš,/ˈit͡ʃːeʃ/,/ˈit͡ʃːeʃ/,0.0
izä,/ˈizʲæ/,/ˈizʲæ/,0.0
iäni,/ˈiæ̯nʲi/,/ˈiæ̯nʲi/,0.0
iäreh,/ˈiæ̯reh/,/ˈiæ̯reh/,0.0
jevrei,/ˈjeʋrei̯/,/ˈjeʋrei̯/,0.0
jiä,/ˈjiæ̯/,/ˈjiæ̯/,0.0
jiähä,/ˈjiæ̯hæ/,/ˈjiæ̯hæ/,0.0
jo,/ˈjo/,/ˈjo/,0.0
joko,/ˈjoko/,/ˈjoko/,0.0
joka,/ˈjokɑ/,/ˈjokɑ/,0.0
joučen,/ˈjou̯t͡ʃen/,/ˈjou̯t͡ʃen/,0.0
jouši,/ˈjou̯ʃi/,/ˈjou̯ʃi/,0.0
jumala,/ˈjumɑlɑ/,/ˈjumɑlɑ/,0.0
juuri,/ˈjuːri/,/ˈjuːri/,0.0
jykie,/ˈjykie̯/,/ˈjykie̯/,0.0
jänis,/ˈjænʲis/,/ˈjænʲis/,0.0
jänisʹ,/ˈjænʲisʲ/,/ˈjænʲisʲ/,0.0
järvi,/ˈjærʋi/,/ˈjærʋi/,0.0
jalka,/ˈjɑlkɑ/,/ˈjɑlkɑ/,0.0
janhus,/ˈjɑnhus/,/ˈjɑnhus/,0.0
jauho,/ˈjɑu̯ho/,/ˈjɑu̯ho/,0.0
jauhuo,/ˈjɑu̯huo̯/,/ˈjɑu̯huo̯/,0.0
keldane,/ˈkeldɑnʲe/,/ˈkeldɑnʲe/,0.0
keltani,/ˈkeltɑnʲi/,/ˈkeltɑnʲi/,0.0
keli,/ˈkelʲi/,/ˈkelʲi/,0.0
kello,/ˈkelːo/,/ˈkelːo/,0.0
ken,/ˈken/,/ˈken/,0.0
kerppu,/ˈkerpːu/,/ˈkerpːu/,0.0
kerroš,/ˈkerːoʃ/,/ˈkerːoʃ/,0.0
keyhä,/ˈkey̯hæ/,/ˈkey̯hæ/,0.0
kešä,/ˈkeʃæ/,/ˈkeʃæ/,0.0
keviä,/ˈkeʋiæ̯/,/ˈkeʋiæ̯/,0.0
kevät,/ˈkeʋæt/,/ˈkeʋæt/,0.0
kibie,/ˈkibie̯/,/ˈkibie̯/,0.0
kibu,/ˈkibu/,/ˈkibu/,0.0
kieli,/ˈkie̯lʲi/,/ˈkie̯lʲi/,0.0
kilpailu,/ˈkilpɑi̯lu/,/ˈkilpɑi̯lu/,0.0
kipie,/ˈkipie̯/,/ˈkipie̯/,0.0
kipu,/ˈkipu/,/ˈkipu/,0.0
kirikkö,/ˈkirikːø/,/ˈkirikːø/,0.0
kiukua,/ˈkiu̯kuɑ̯/,/ˈkiu̯kuɑ̯/,0.0
kišša,/ˈkiʃːɑ/,/ˈkiʃːɑ/,0.0
kivi,/ˈkiʋi/,/ˈkiʋi/,0.0
kivyäri,/ˈkiʋyæ̯ri/,/ˈkiʋyæ̯ri/,0.0
kivari,/ˈkiʋɑri/,/ˈkiʋɑri/,0.0
kiitoš,/ˈkiːtoʃ/,/ˈkiːtoʃ/,0.0
klʹukka,/ˈklʲukːɑ/,/ˈklʲukːɑ/,0.0
kniika,/ˈknʲiːkɑ/,/ˈknʲiːkɑ/,0.0
kodi,/ˈkodʲi/,/ˈkodʲi/,0.0
kohta,/ˈkohtɑ/,/ˈkohtɑ/,0.0
koi,/ˈkoi̯/,/ˈkoi̯/,0.0
koira,/ˈkoi̯rɑ/,/ˈkoi̯rɑ/,0.0
koivu,/ˈkoi̯ʋu/,/ˈkoi̯ʋu/,0.0
kojitoin,/ˈkojitoi̯n/,/ˈkojitoi̯n/,0.0
kokka,/ˈkokːɑ/,/ˈkokːɑ/,0.0
kolme,/ˈkolme/,/ˈkolme/,0.0
kolmaš,/ˈkolmɑʃ/,/ˈkolmɑʃ/,0.0
konša,/ˈkonʃɑ/,/ˈkonʃɑ/,0.0
konža,/ˈkonʒɑ/,/ˈkonʒɑ/,0.0
kopeikka,/ˈkopei̯kːɑ/,/ˈkopei̯kːɑ/,0.0
korbi,/ˈkorbi/,/ˈkorbi/,0.0
korenda,/ˈkorendɑ/,/ˈkorendɑ/,0.0
korento,/ˈkorento/,/ˈkorento/,0.0
korkie,/ˈkorkie̯/,/ˈkorkie̯/,0.0
kormano,/ˈkormɑno/,/ˈkormɑno/,0.0
kormani,/ˈkormɑnʲi/,/ˈkormɑnʲi/,0.0
korpi,/ˈkorpi/,/ˈkorpi/,0.0
korva,/ˈkorʋɑ/,/ˈkorʋɑ/,0.0
kostʹa,/ˈkostʲɑ/,/ˈkostʲɑ/,0.0
kotka,/ˈkotkɑ/,/ˈkotkɑ/,0.0
koti,/ˈkotʲi/,/ˈkotʲi/,0.0
koški,/ˈkoʃki/,/ˈkoʃki/,0.0
kova,/ˈkoʋɑ/,/ˈkoʋɑ/,0.0
krečču,/ˈkret͡ʃːu/,/ˈkret͡ʃːu/,0.0
kruška,/ˈkruʃkɑ/,/ˈkruʃkɑ/,0.0
kruuška,/ˈkruːʃkɑ/,/ˈkruːʃkɑ/,0.0
ku,/ˈku/,/ˈku/,0.0
kukko,/ˈkukːo/,/ˈkukːo/,0.0
kukka,/ˈkukːɑ/,/ˈkukːɑ/,0.0
kulku,/ˈkulku/,/ˈkulku/,0.0
kulkku,/ˈkulkːu/,/ˈkulkːu/,0.0
kumbane,/ˈkumbɑnʲe/,/ˈkumbɑnʲe/,0.0
kumpi,/ˈkumpi/,/ˈkumpi/,0.0
kumpani,/ˈkumpɑnʲi/,/ˈkumpɑnʲi/,0.0
kuničča,/ˈkunʲit͡ʃːɑ/,/ˈkunʲit͡ʃːɑ/,0.0
kuore,/ˈkuo̯re/,/ˈkuo̯re/,0.0
kurki,/ˈkurki/,/ˈkurki/,0.0
kurva,/ˈkurʋɑ/,/ˈkurʋɑ/,0.0
kuali,/ˈkuɑ̯lʲi/,/ˈkuɑ̯lʲi/,0.0
kuva,/ˈkuʋɑ/,/ˈkuʋɑ/,0.0
kuu,/ˈkuː/,/ˈkuː/,0.0
kuuši,/ˈkuːʃi/,/ˈkuːʃi/,0.0
kyly,/ˈkylʲy/,/ˈkylʲy/,0.0
kylä,/ˈkylʲæ/,/ˈkylʲæ/,0.0
kärki,/ˈkærki/,/ˈkærki/,0.0
käsi,/ˈkæsʲi/,/ˈkæsʲi/,0.0
kätyt,/ˈkætʲyt/,/ˈkætʲyt/,0.0
käyvvä,/ˈkæy̯ʋːæ/,/ˈkæy̯ʋːæ/,0.0
käzi,/ˈkæzʲi/,/ˈkæzʲi/,0.0
köyhä,/ˈkøy̯hæ/,/ˈkøy̯hæ/,0.0
kahekšan,/ˈkɑhekʃɑn/,/ˈkɑhekʃɑn/,0.0
kahvi,/ˈkɑhʋi/,/ˈkɑhʋi/,0.0
kainalo,/ˈkɑi̯nɑlo/,/ˈkɑi̯nɑlo/,0.0
kaivo,/ˈkɑi̯ʋo/,/ˈkɑi̯ʋo/,0.0
kaivua,/ˈkɑi̯ʋuɑ̯/,/ˈkɑi̯ʋuɑ̯/,0.0
kakla,/ˈkɑklɑ/,/ˈkɑklɑ/,0.0
kakattua,/ˈkɑkɑtːuɑ̯/,/ˈkɑkɑtːuɑ̯/,0.0
kakši,/ˈkɑkʃi/,/ˈkɑkʃi/,0.0
kala,/ˈkɑlɑ/,/ˈkɑlɑ/,0.0
kampala,/ˈkɑmpɑlɑ/,/ˈkɑmpɑlɑ/,0.0
kando,/ˈkɑndo/,/ˈkɑndo/,0.0
kanda,/ˈkɑndɑ/,/ˈkɑndɑ/,0.0
kanto,/ˈkɑnto/,/ˈkɑnto/,0.0
kanta,/ˈkɑntɑ/,/ˈkɑntɑ/,0.0
kana,/ˈkɑnɑ/,/ˈkɑnɑ/,0.0
kanši,/ˈkɑnʃi/,/ˈkɑnʃi/,0.0
kani,/ˈkɑnʲi/,/ˈkɑnʲi/,0.0
kapusta,/ˈkɑpustɑ/,/ˈkɑpustɑ/,0.0
karhu,/ˈkɑrhu/,/ˈkɑrhu/,0.0
karjala,/ˈkɑrjɑlɑ/,/ˈkɑrjɑlɑ/,0.0
kartouhka,/ˈkɑrtou̯hkɑ/,/ˈkɑrtou̯hkɑ/,0.0
karu,/ˈkɑru/,/ˈkɑru/,0.0
kasi,/ˈkɑsʲi/,/ˈkɑsʲi/,0.0
kauha,/ˈkɑu̯hɑ/,/ˈkɑu̯hɑ/,0.0
kaunis,/ˈkɑu̯nʲis/,/ˈkɑu̯nʲis/,0.0
kaunisʹ,/ˈkɑu̯nʲisʲ/,/ˈkɑu̯nʲisʲ/,0.0
kazi,/ˈkɑzʲi/,/ˈkɑzʲi/,0.0
lokka,/ˈlokːɑ/,/ˈlokːɑ/,0.0
louhi,/ˈlou̯hi/,/ˈlou̯hi/,0.0
lukku,/ˈlukːu/,/ˈlukːu/,0.0
lumi,/ˈlumi/,/ˈlumi/,0.0
lusikka,/ˈlusʲikːɑ/,/ˈlusʲikːɑ/,0.0
lutikka,/ˈlutʲikːɑ/,/ˈlutʲikːɑ/,0.0
luzikka,/ˈluzʲikːɑ/,/ˈluzʲikːɑ/,0.0
luu,/ˈluː/,/ˈluː/,0.0
laki,/ˈlɑki/,/ˈlɑki/,0.0
lakši,/ˈlɑkʃi/,/ˈlɑkʃi/,0.0
lambi,/ˈlɑmbi/,/ˈlɑmbi/,0.0
lampi,/ˈlɑmpi/,/ˈlɑmpi/,0.0
lapši,/ˈlɑpʃi/,/ˈlɑpʃi/,0.0
laukku,/ˈlɑu̯kːu/,/ˈlɑu̯kːu/,0.0
lehmä,/ˈlʲehmæ/,/ˈlʲehmæ/,0.0
leppä,/ˈlʲepːæ/,/ˈlʲepːæ/,0.0
lika,/ˈlʲikɑ/,/ˈlʲikɑ/,0.0
lindu,/ˈlʲindu/,/ˈlʲindu/,0.0
lintu,/ˈlʲintu/,/ˈlʲintu/,0.0
linna,/ˈlʲinːɑ/,/ˈlʲinːɑ/,0.0
liävä,/ˈlʲiæ̯ʋæ/,/ˈlʲiæ̯ʋæ/,0.0
liiva,/ˈlʲiːʋɑ/,/ˈlʲiːʋɑ/,0.0
lypšiä,/ˈlʲypʃiæ̯/,/ˈlʲypʃiæ̯/,0.0
lypšyä,/ˈlʲypʃyæ̯/,/ˈlʲypʃyæ̯/,0.0
lämmin,/ˈlʲæmːin/,/ˈlʲæmːin/,0.0
mela,/ˈmelɑ/,/ˈmelɑ/,0.0
mennä,/ˈmenːæ/,/ˈmenːæ/,0.0
merda,/ˈmerdɑ/,/ˈmerdɑ/,0.0
meri,/ˈmeri/,/ˈmeri/,0.0
merta,/ˈmertɑ/,/ˈmertɑ/,0.0
meččo,/ˈmet͡ʃːo/,/ˈmet͡ʃːo/,0.0
meččä,/ˈmet͡ʃːæ/,/ˈmet͡ʃːæ/,0.0
mi,/ˈmi/,/ˈmi/,0.0
mie,/ˈmie̯/,/ˈmie̯/,0.0
mieš,/ˈmie̯ʃ/,/ˈmie̯ʃ/,0.0
minih,/ˈminʲih/,/ˈminʲih/,0.0
muru,/ˈmuru/,/ˈmuru/,0.0
mua,/ˈmuɑ̯/,/ˈmuɑ̯/,0.0
muamo,/ˈmuɑ̯mo/,/ˈmuɑ̯mo/,0.0
mušta,/ˈmuʃtɑ/,/ˈmuʃtɑ/,0.0
muu,/ˈmuː/,/ˈmuː/,0.0
mykrä,/ˈmykræ/,/ˈmykræ/,0.0
myö,/ˈmyø̯/,/ˈmyø̯/,0.0
mäkrä,/ˈmækræ/,/ˈmækræ/,0.0
männä,/ˈmænːæ/,/ˈmænːæ/,0.0
mado,/ˈmɑdo/,/ˈmɑdo/,0.0
mai,/ˈmɑi̯/,/ˈmɑi̯/,0.0
maido,/ˈmɑi̯do/,/ˈmɑi̯do/,0.0
maito,/ˈmɑi̯to/,/ˈmɑi̯to/,0.0
mančikka,/ˈmɑnt͡ʃikːɑ/,/ˈmɑnt͡ʃikːɑ/,0.0
manšikka,/ˈmɑnʃikːɑ/,/ˈmɑnʃikːɑ/,0.0
marta,/ˈmɑrtɑ/,/ˈmɑrtɑ/,0.0
mato,/ˈmɑto/,/ˈmɑto/,0.0
noita,/ˈnoi̯tɑ/,/ˈnoi̯tɑ/,0.0
nojabrʹa,/ˈnojɑbrʲɑ/,/ˈnojɑbrʲɑ/,0.0
noki,/ˈnoki/,/ˈnoki/,0.0
nuo,/ˈnuo̯/,/ˈnuo̯/,0.0
nuori,/ˈnuo̯ri/,/ˈnuo̯ri/,0.0
naine,/ˈnɑi̯nʲe/,/ˈnɑi̯nʲe/,0.0
ne,/ˈnʲe/,/ˈnʲe/,0.0
nero,/ˈnʲero/,/ˈnʲero/,0.0
niekla,/ˈnʲie̯klɑ/,/ˈnʲie̯klɑ/,0.0
niken,/ˈnʲiken/,/ˈnʲiken/,0.0
nimi,/ˈnʲimi/,/ˈnʲimi/,0.0
niädä,/ˈnʲiæ̯dæ/,/ˈnʲiæ̯dæ/,0.0
niätä,/ˈnʲiæ̯tæ/,/ˈnʲiæ̯tæ/,0.0
nʹokka,/ˈnʲokːɑ/,/ˈnʲokːɑ/,0.0
nämä,/ˈnʲæmæ/,/ˈnʲæmæ/,0.0
oktʹabrʹa,/ˈoktʲɑbrʲɑ/,/ˈoktʲɑbrʲɑ/,0.0
olut,/ˈolut/,/ˈolut/,0.0
oraš,/ˈorɑʃ/,/ˈorɑʃ/,0.0
orava,/ˈorɑʋɑ/,/ˈorɑʋɑ/,0.0
osra,/ˈosrɑ/,/ˈosrɑ/,0.0
očča,/ˈot͡ʃːɑ/,/ˈot͡ʃːɑ/,0.0
ozra,/ˈozrɑ/,/ˈozrɑ/,0.0
ovi,/ˈoʋi/,/ˈoʋi/,0.0
pedra,/ˈpedrɑ/,/ˈpedrɑ/,0.0
peili,/ˈpei̯lʲi/,/ˈpei̯lʲi/,0.0
peldo,/ˈpeldo/,/ˈpeldo/,0.0
pelto,/ˈpelto/,/ˈpelto/,0.0
pereh,/ˈpereh/,/ˈpereh/,0.0
petra,/ˈpetrɑ/,/ˈpetrɑ/,0.0
pillu,/ˈpilːu/,/ˈpilːu/,0.0
pimie,/ˈpimie̯/,/ˈpimie̯/,0.0
pitkä,/ˈpitkæ/,/ˈpitkæ/,0.0
piä,/ˈpiæ̯/,/ˈpiæ̯/,0.0
piäh,/ˈpiæ̯h/,/ˈpiæ̯h/,0.0
piäššä,/ˈpiæ̯ʃːæ/,/ˈpiæ̯ʃːæ/,0.0
pii,/ˈpiː/,/ˈpiː/,0.0
piirdiä,/ˈpiːrdʲiæ̯/,/ˈpiːrdʲiæ̯/,0.0
poika,/ˈpoi̯kɑ/,/ˈpoi̯kɑ/,0.0
pois,/ˈpoi̯s/,/ˈpoi̯s/,0.0
poisʹ,/ˈpoi̯sʲ/,/ˈpoi̯sʲ/,0.0
pokko,/ˈpokːo/,/ˈpokːo/,0.0
porraš,/ˈporːɑʃ/,/ˈporːɑʃ/,0.0
priha,/ˈprihɑ/,/ˈprihɑ/,0.0
präkkö,/ˈprækːø/,/ˈprækːø/,0.0
pränä,/ˈprænʲæ/,/ˈprænʲæ/,0.0
purku,/ˈpurku/,/ˈpurku/,0.0
puu,/ˈpuː/,/ˈpuː/,0.0
pyššy,/ˈpyʃːy/,/ˈpyʃːy/,0.0
päivä,/ˈpæi̯ʋæ/,/ˈpæi̯ʋæ/,0.0
paha,/ˈpɑhɑ/,/ˈpɑhɑ/,0.0
paikka,/ˈpɑi̯kːɑ/,/ˈpɑi̯kːɑ/,0.0
paimen,/ˈpɑi̯men/,/ˈpɑi̯men/,0.0
painajaini,/ˈpɑi̯nɑjɑi̯nʲi/,/ˈpɑi̯nɑjɑi̯nʲi/,0.0
pakkani,/ˈpɑkːɑnʲi/,/ˈpɑkːɑnʲi/,0.0
palava,/ˈpɑlɑʋɑ/,/ˈpɑlɑʋɑ/,0.0
pavarča,/ˈpɑʋɑrt͡ʃɑ/,/ˈpɑʋɑrt͡ʃɑ/,0.0
rebo,/ˈrebo/,/ˈrebo/,0.0
repo,/ˈrepo/,/ˈrepo/,0.0
rikaš,/ˈrikɑʃ/,/ˈrikɑʃ/,0.0
riähkä,/ˈriæ̯hkæ/,/ˈriæ̯hkæ/,0.0
rotta,/ˈrotːɑ/,/ˈrotːɑ/,0.0
ruoho,/ˈruo̯ho/,/ˈruo̯ho/,0.0
ruočči,/ˈruo̯t͡ʃːi/,/ˈruo̯t͡ʃːi/,0.0
ruškie,/ˈruʃkie̯/,/ˈruʃkie̯/,0.0
ružja,/ˈruʒjɑ/,/ˈruʒjɑ/,0.0
ryšä,/ˈryʃæ/,/ˈryʃæ/,0.0
rahvaš,/ˈrɑhʋɑʃ/,/ˈrɑhʋɑʃ/,0.0
smeja,/ˈsmejɑ/,/ˈsmejɑ/,0.0
sakona,/ˈsɑkonɑ/,/ˈsɑkonɑ/,0.0
se,/ˈsʲe/,/ˈsʲe/,0.0
toine,/ˈtoi̯nʲe/,/ˈtoi̯nʲe/,0.0
toini,/ˈtoi̯nʲi/,/ˈtoi̯nʲi/,0.0
tosi,/ˈtosʲi/,/ˈtosʲi/,0.0
tuhat,/ˈtuhɑt/,/ˈtuhɑt/,0.0
tuisku,/ˈtui̯sku/,/ˈtui̯sku/,0.0
tuo,/ˈtuo̯/,/ˈtuo̯/,0.0
tuatto,/ˈtuɑ̯tːo/,/ˈtuɑ̯tːo/,0.0
tuaš,/ˈtuɑ̯ʃ/,/ˈtuɑ̯ʃ/,0.0
tuukkaja,/ˈtuːkːɑjɑ/,/ˈtuːkːɑjɑ/,0.0
tuuli,/ˈtuːlʲi/,/ˈtuːlʲi/,0.0
ta,/ˈtɑ/,/ˈtɑ/,0.0
talvi,/ˈtɑlʋi/,/ˈtɑlʋi/,0.0
tammi,/ˈtɑmːi/,/ˈtɑmːi/,0.0
tammikko,/ˈtɑmːikːo/,/ˈtɑmːikːo/,0.0
tie,/ˈtʲie̯/,/ˈtʲie̯/,0.0
tikka,/ˈtʲikːɑ/,/ˈtʲikːɑ/,0.0
tytär,/ˈtʲytʲær/,/ˈtʲytʲær/,0.0
työ,/ˈtʲyø̯/,/ˈtʲyø̯/,0.0
täh,/ˈtʲæh/,/ˈtʲæh/,0.0
tämä,/ˈtʲæmæ/,/ˈtʲæmæ/,0.0
čiba,/ˈt͡ʃibɑ/,/ˈt͡ʃibɑ/,0.0
čikko,/ˈt͡ʃikːo/,/ˈt͡ʃikːo/,0.0
čirpi,/ˈt͡ʃirpi/,/ˈt͡ʃirpi/,0.0
čirppi,/ˈt͡ʃirpːi/,/ˈt͡ʃirpːi/,0.0
čiili,/ˈt͡ʃiːlʲi/,/ˈt͡ʃiːlʲi/,0.0
čakka,/ˈt͡ʃɑkːɑ/,/ˈt͡ʃɑkːɑ/,0.0
ukko,/ˈukːo/,/ˈukːo/,0.0
uni,/ˈunʲi/,/ˈunʲi/,0.0
uuni,/ˈuːnʲi/,/ˈuːnʲi/,0.0
yhekšän,/ˈyhekʃæn/,/ˈyhekʃæn/,0.0
yksi,/ˈyksʲi/,/ˈyksʲi/,0.0
yö,/ˈyø̯/,/ˈyø̯/,0.0
yškä,/ˈyʃkæ/,/ˈyʃkæ/,0.0
zmeja,/ˈzmejɑ/,/ˈzmejɑ/,0.0
zakona,/ˈzɑkonɑ/,/ˈzɑkonɑ/,0.0
zirkalo,/ˈzʲirkɑlo/,/ˈzʲirkɑlo/,0.0
äijä,/ˈæi̯jæ/,/ˈæi̯jæ/,0.0
äijän,/ˈæi̯jæn/,/ˈæi̯jæn/,0.0
äkevyš,/ˈækeʋyʃ/,/ˈækeʋyʃ/,0.0
äkie,/ˈækie̯/,/ˈækie̯/,0.0
ämmä,/ˈæmːæ/,/ˈæmːæ/,0.0
ämmö,/ˈæmːø/,/ˈæmːø/,0.0
abie,/ˈɑbie̯/,/ˈɑbie̯/,0.0
abu,/ˈɑbu/,/ˈɑbu/,0.0
adra,/ˈɑdrɑ/,/ˈɑdrɑ/,0.0
adivo,/ˈɑdʲiʋo/,/ˈɑdʲiʋo/,0.0
ahe,/ˈɑhe/,/ˈɑhe/,0.0
ahjo,/ˈɑhjo/,/ˈɑhjo/,0.0
ahkera,/ˈɑhkerɑ/,/ˈɑhkerɑ/,0.0
ahkivo,/ˈɑhkiʋo/,/ˈɑhkiʋo/,0.0
ahku,/ˈɑhku/,/ˈɑhku/,0.0
ahmo,/ˈɑhmo/,/ˈɑhmo/,0.0
ahtivo,/ˈɑhtʲiʋo/,/ˈɑhtʲiʋo/,0.0
ahaš,/ˈɑhɑʃ/,/ˈɑhɑʃ/,0.0
aida,/ˈɑi̯dɑ/,/ˈɑi̯dɑ/,0.0
aika,/ˈɑi̯kɑ/,/ˈɑi̯kɑ/,0.0
ainoš,/ˈɑi̯noʃ/,/ˈɑi̯noʃ/,0.0
airo,/ˈɑi̯ro/,/ˈɑi̯ro/,0.0
aita,/ˈɑi̯tɑ/,/ˈɑi̯tɑ/,0.0
aitta,/ˈɑi̯tːɑ/,/ˈɑi̯tːɑ/,0.0
aivot,/ˈɑi̯ʋot/,/ˈɑi̯ʋot/,0.0
akottuo,/ˈɑkotːuo̯/,/ˈɑkotːuo̯/,0.0
akka,/ˈɑkːɑ/,/ˈɑkːɑ/,0.0
aloveh,/ˈɑloʋeh/,/ˈɑloʋeh/,0.0
altina,/ˈɑltʲinɑ/,/ˈɑltʲinɑ/,0.0
alah,/ˈɑlɑh/,/ˈɑlɑh/,0.0
allaš,/ˈɑlːɑʃ/,/ˈɑlːɑʃ/,0.0
anoppi,/ˈɑnopːi/,/ˈɑnopːi/,0.0
apie,/ˈɑpie̯/,/ˈɑpie̯/,0.0
apu,/ˈɑpu/,/ˈɑpu/,0.0
appi,/ˈɑpːi/,/ˈɑpːi/,0.0
arhelei,/ˈɑrhelʲei̯/,/ˈɑrhelʲei̯/,0.0
armo,/ˈɑrmo/,/ˈɑrmo/,0.0
armahuš,/ˈɑrmɑhuʃ/,/ˈɑrmɑhuʃ/,0.0
armaš,/ˈɑrmɑʃ/,/ˈɑrmɑʃ/,0.0
arvo,/ˈɑrʋo/,/ˈɑrʋo/,0.0
arvata,/ˈɑrʋɑtɑ/,/ˈɑrʋɑtɑ/,0.0
atra,/ˈɑtrɑ/,/ˈɑtrɑ/,0.0
ativo,/ˈɑtʲiʋo/,/ˈɑtʲiʋo/,0.0
auli,/ˈɑu̯lʲi/,/ˈɑu̯lʲi/,0.0
ašnita,/ˈɑʃnʲitɑ/,/ˈɑʃnʲitɑ/,0.0
avata,/ˈɑʋɑtɑ/,/ˈɑʋɑtɑ/,0.0
aakkua,/ˈɑːkːuɑ̯/,/ˈɑːkːuɑ̯/,0.0
še,/ˈʃe/,/ˈʃe/,0.0
šeinä,/ˈʃei̯nʲæ/,/ˈʃei̯nʲæ/,0.0
šeiččemen,/ˈʃei̯t͡ʃːemen/,/ˈʃei̯t͡ʃːemen/,0.0
šeiččimen,/ˈʃei̯t͡ʃːimen/,/ˈʃei̯t͡ʃːimen/,0.0
šie,/ˈʃie̯/,/ˈʃie̯/,0.0
šija,/ˈʃijɑ/,/ˈʃijɑ/,0.0
širkkalo,/ˈʃirkːɑlo/,/ˈʃirkːɑlo/,0.0
šiä,/ˈʃiæ̯/,/ˈʃiæ̯/,0.0
šiili,/ˈʃiːlʲi/,/ˈʃiːlʲi/,0.0
šiivatta,/ˈʃiːʋɑtːɑ/,/ˈʃiːʋɑtːɑ/,0.0
šoma,/ˈʃomɑ/,/ˈʃomɑ/,0.0
šormi,/ˈʃormi/,/ˈʃormi/,0.0
šorša,/ˈʃorʃɑ/,/ˈʃorʃɑ/,0.0
šorža,/ˈʃorʒɑ/,/ˈʃorʒɑ/,0.0
šula,/ˈʃulɑ/,/ˈʃulɑ/,0.0
šuomi,/ˈʃuo̯mi/,/ˈʃuo̯mi/,0.0
šuora,/ˈʃuo̯rɑ/,/ˈʃuo̯rɑ/,0.0
šuuri,/ˈʃuːri/,/ˈʃuːri/,0.0
šuuruš,/ˈʃuːruʃ/,/ˈʃuːruʃ/,0.0
šykšy,/ˈʃykʃy/,/ˈʃykʃy/,0.0
šyyš-,/ˈʃyːʃ-/,/ˈʃyːʃ-/,0.0
šada,/ˈʃɑdɑ/,/ˈʃɑdɑ/,0.0
šaje,/ˈʃɑje/,/ˈʃɑje/,0.0
šana,/ˈʃɑnɑ/,/ˈʃɑnɑ/,0.0
šata,/ˈʃɑtɑ/,/ˈʃɑtɑ/,0.0
veičči,/ˈʋei̯t͡ʃːi/,/ˈʋei̯t͡ʃːi/,0.0
venäjä,/ˈʋenʲæjæ/,/ˈʋenʲæjæ/,0.0
vereš,/ˈʋereʃ/,/ˈʋereʃ/,0.0
verko,/ˈʋerko/,/ˈʋerko/,0.0
verkko,/ˈʋerkːo/,/ˈʋerkːo/,0.0
vesi,/ˈʋesʲi/,/ˈʋesʲi/,0.0
vezi,/ˈʋezʲi/,/ˈʋezʲi/,0.0
vieraš,/ˈʋie̯rɑʃ/,/ˈʋie̯rɑʃ/,0.0
viessata,/ˈʋie̯sːɑtɑ/,/ˈʋie̯sːɑtɑ/,0.0
vihma,/ˈʋihmɑ/,/ˈʋihmɑ/,0.0
vilu,/ˈʋilu/,/ˈʋilu/,0.0
vintofka,/ˈʋintofkɑ/,/ˈʋintofkɑ/,0.0
virši,/ˈʋirʃi/,/ˈʋirʃi/,0.0
viärä,/ˈʋiæ̯ræ/,/ˈʋiæ̯ræ/,0.0
viijes,/ˈʋiːjes/,/ˈʋiːjes/,0.0
viisi,/ˈʋiːsʲi/,/ˈʋiːsʲi/,0.0
viizi,/ˈʋiːzʲi/,/ˈʋiːzʲi/,0.0
vozduha,/ˈʋozduhɑ/,/ˈʋozduhɑ/,0.0
vuojeh,/ˈʋuo̯jeh/,/ˈʋuo̯jeh/,0.0
vuosi,/ˈʋuo̯sʲi/,/ˈʋuo̯sʲi/,0.0
vuozi,/ˈʋuo̯zʲi/,/ˈʋuo̯zʲi/,0.0
väkövä,/ˈʋækøʋæ/,/ˈʋækøʋæ/,0.0
värči,/ˈʋært͡ʃi/,/ˈʋært͡ʃi/,0.0
värčči,/ˈʋært͡ʃːi/,/ˈʋært͡ʃːi/,0.0
vaihto,/ˈʋɑi̯hto/,/ˈʋɑi̯hto/,0.0
valo,/ˈʋɑlo/,/ˈʋɑlo/,0.0
vanhembi,/ˈʋɑnhembi/,/ˈʋɑnhembi/,0.0
vanhempi,/ˈʋɑnhempi/,/ˈʋɑnhempi/,0.0
vanha,/ˈʋɑnhɑ/,/ˈʋɑnhɑ/,0.0
vavarno,/ˈʋɑʋɑrno/,/ˈʋɑʋɑrno/,0.0
ruoččiheinä,/ˈruo̯t͡ʃːiˌhei̯nʲæ/,/ˈruo̯t͡ʃːihei̯nʲæ/,0.06
čičiliušku,/ˈt͡ʃit͡ʃiˌlʲiu̯ʃku/,/ˈt͡ʃit͡ʃilʲiu̯ʃku/,0.06
ajelušpualikka,/ˈɑjeluʃˌpuɑ̯lʲikːɑ/,/ˈɑjeluʃpuɑ̯lʲikːɑ/,0.06
tuukkajahaukka,/ˈtuːkːɑjɑˌhɑu̯kːɑ/,/ˈtuːkːɑjɑhɑu̯kːɑ/,0.06
ajelupualikka,/ˈɑjeluˌpuɑ̯lʲikːɑ/,/ˈɑjelupuɑ̯lʲikːɑ/,0.06
hyybiehaukka,/ˈhyːbie̯ˌhɑu̯kːɑ/,/ˈhyːbie̯hɑu̯kːɑ/,0.07
hyypiehaukka,/ˈhyːpie̯ˌhɑu̯kːɑ/,/ˈhyːpie̯hɑu̯kːɑ/,0.07
keški-ikähini,/ˈkeʃkiˌikæhinʲi/,/ˈkeʃki-ikæhinʲi/,0.07
yksitoisʹtʹa,/ˈyksʲiˌtoi̯sʲtʲɑ/,/ˈyksʲitoi̯sʲtʲɑ/,0.07
keški-ikäni,/ˈkeʃkiˌikænʲi/,/ˈkeʃki-ikænʲi/,0.08
korvašieni,/ˈkorʋɑˌʃie̯nʲi/,/ˈkorʋɑʃie̯nʲi/,0.08
kaklapaikka,/ˈkɑklɑˌpɑi̯kːɑ/,/ˈkɑklɑpɑi̯kːɑ/,0.08
karjalaini,/ˈkɑrjɑˌlɑi̯nʲi/,/ˈkɑrjɑlɑi̯nʲi/,0.08
yksitoista,/ˈyksʲiˌtoi̯stɑ/,/ˈyksʲitoi̯stɑ/,0.08
vesikorento,/ˈʋesʲiˌkorento/,/ˈʋesʲikorento/,0.08
valehičča,/ˈʋɑlehit͡ʃːɑ/,/ˈʋɑlʲehit͡ʃːɑ/,0.08
hibiehiiri,/ˈhibie̯ˌhiːri/,/ˈhibie̯hiːri/,0.08
hipiehiiri,/ˈhipie̯ˌhiːri/,/ˈhipie̯hiːri/,0.08
korničča,/ˈkornit͡ʃːɑ/,/ˈkornʲit͡ʃːɑ/,0.08
kannanlakši,/ˈkɑnːɑnˌlɑkʃi/,/ˈkɑnːɑnlɑkʃi/,0.08
pakkaiskuu,/ˈpɑkːɑi̯sˌkuː/,/ˈpɑkːɑi̯skuː/,0.08
senʹtʹabri,/ˈsʲenʲtʲɑbrʲi/,/ˈsʲenʲtʲɑbri/,0.08
äijäpäivä,/ˈæi̯jæˌpæi̯ʋæ/,/ˈæi̯jæpæi̯ʋæ/,0.08
allaviivata,/ˈɑlːɑˌʋiːʋɑtɑ/,/ˈɑlːɑʋiːʋɑtɑ/,0.08
heinäkuu,/ˈhei̯nʲæˌkuː/,/ˈhei̯nʲækuː/,0.09
huomeneš,/ˈhuo̯meneʃ/,/ˈhuo̯menʲeʃ/,0.09
kulkkulaki,/ˈkulkːuˌlɑki/,/ˈkulkːulɑki/,0.09
peltohiiri,/ˈpeltoˌhiːri/,/ˈpeltohiːri/,0.09
riehtilä,/ˈrie̯htʲilʲæ/,/ˈrie̯htʲilæ/,0.09
tuiskukuu,/ˈtui̯skuˌkuː/,/ˈtui̯skukuː/,0.09
čuasti,/ˈt͡ʃuɑ̯sʲtʲi/,/ˈt͡ʃuɑ̯stʲi/,0.09
autobušši,/ˈɑu̯toˌbuʃːi/,/ˈɑu̯tobuʃːi/,0.09
valehella,/ˈʋɑlehelːɑ/,/ˈʋɑlʲehelːɑ/,0.09
valehtua,/ˈʋɑlehtuɑ̯/,/ˈʋɑlʲehtuɑ̯/,0.09
henkityš,/ˈheŋkitʲyʃ/,/ˈhenkitʲyʃ/,0.1
hengityš,/ˈheŋɡitʲyʃ/,/ˈheŋgitʲyʃ/,0.1
huomneš,/ˈhuo̯mneʃ/,/ˈhuo̯mnʲeʃ/,0.1
hämehikki,/ˈhæmeˌhikːi/,/ˈhæmehikːi/,0.1
hämähikkö,/ˈhæmæˌhikːø/,/ˈhæmæhikːø/,0.1
inehmine,/ˈinʲehminʲe/,/ˈinʲehmine/,0.1
keviäkuu,/ˈkeʋiæ̯ˌkuː/,/ˈkeʋiæ̯kuː/,0.1
krollikka,/ˈkrolʲːikːɑ/,/ˈkrolːikːɑ/,0.1
kymmenen,/ˈkymːenen/,/ˈkymːenʲen/,0.1
kalakukko,/ˈkɑlɑˌkukːo/,/ˈkɑlɑkukːo/,0.1
muamykrä,/ˈmuɑ̯ˌmykræ/,/ˈmuɑ̯mykræ/,0.1
pimiekuu,/ˈpimie̯ˌkuː/,/ˈpimie̯kuː/,0.1
pakkaškuu,/ˈpɑkːɑʃˌkuː/,/ˈpɑkːɑʃkuː/,0.1
palokärki,/ˈpɑloˌkærki/,/ˈpɑlokærki/,0.1
tuulikuu,/ˈtuːlʲiˌkuː/,/ˈtuːlʲikuː/,0.1
avtobussa,/ˈɑʋtoˌbusːɑ/,/ˈɑʋtobusːɑ/,0.1
šanakirja,/ˈʃɑnɑˌkirjɑ/,/ˈʃɑnɑkirjɑ/,0.1
veniälä,/ˈʋenʲiæ̯lʲæ/,/ˈʋenʲiæ̯læ/,0.1
žiivatta,/ˈʒiːʋɑtːɑ/,/ˈʒʲiːʋɑtːɑ/,0.1
dekabri,/ˈdʲekɑbrʲi/,/ˈdʲekɑbri/,0.11
eglein,/ˈeɡlʲei̯n/,/ˈeglʲei̯n/,0.11
egläin,/ˈeɡlʲæi̯n/,/ˈeglʲæi̯n/,0.11
kevätkuu,/ˈkeʋætˌkuː/,/ˈkeʋætkuː/,0.11
kiugua,/ˈkiu̯ɡuɑ̯/,/ˈkiu̯guɑ̯/,0.11
kiittiä,/ˈkiːtʲːiæ̯/,/ˈkiːtːiæ̯/,0.11
kiittyä,/ˈkiːtʲːyæ̯/,/ˈkiːtːyæ̯/,0.11
kniäsä,/ˈknʲiæ̯sʲæ/,/ˈknʲiæ̯sæ/,0.11
kniäzä,/ˈknʲiæ̯zʲæ/,/ˈknʲiæ̯zæ/,0.11
kondie,/ˈkondie̯/,/ˈkondʲie̯/,0.11
kontie,/ˈkontie̯/,/ˈkontʲie̯/,0.11
kravatti,/ˈkrɑʋɑtʲːi/,/ˈkrɑʋɑtːi/,0.11
kariela,/ˈkɑrʲie̯lɑ/,/ˈkɑrie̯lɑ/,0.11
mussikka,/ˈmusʲːikːɑ/,/ˈmusːikːɑ/,0.11
muailma,/ˈmuɑ̯ˌilmɑ/,/ˈmuɑ̯ilmɑ/,0.11
nokikana,/ˈnokiˌkɑnɑ/,/ˈnokikɑnɑ/,0.11
niegla,/ˈnʲie̯ɡlɑ/,/ˈnʲie̯glɑ/,0.11
pakkane,/ˈpɑkːɑne/,/ˈpɑkːɑnʲe/,0.11
sinine,/ˈsʲinʲinʲe/,/ˈsʲinʲine/,0.11
talvikuu,/ˈtɑlʋiˌkuː/,/ˈtɑlʋikuː/,0.11
andilaš,/ˈɑndilɑʃ/,/ˈɑndʲilɑʃ/,0.11
antilaš,/ˈɑntilɑʃ/,/ˈɑntʲilɑʃ/,0.11
augusta,/ˈɑu̯ɡustɑ/,/ˈɑu̯gustɑ/,0.11
vihmakuu,/ˈʋihmɑˌkuː/,/ˈʋihmɑkuː/,0.11
valehuš,/ˈʋɑlehuʃ/,/ˈʋɑlʲehuʃ/,0.11
toine toizen,/ˈtoi̯nʲe ˌtoi̯zen/,/ˈtoi̯nʲe toi̯zʲen/,0.12
toini toisen,/ˈtoi̯nʲi ˌtoi̯sen/,/ˈtoi̯nʲi toi̯sʲen/,0.12
elätti,/ˈelʲætʲːi/,/ˈelʲætːi/,0.12
gosʹtʹa,/ˈɡosʲtʲɑ/,/ˈgosʲtʲɑ/,0.12
greču,/ˈɡret͡ʃu/,/ˈgret͡ʃu/,0.12
jouži,/ˈjou̯ʒi/,/ˈjou̯ʒʲi/,0.12
janvari,/ˈjɑnʋɑrʲi/,/ˈjɑnʋɑri/,0.12
kešäkuu,/ˈkeʃæˌkuː/,/ˈkeʃækuː/,0.12
kniiga,/ˈknʲiːɡɑ/,/ˈknʲiːgɑ/,0.12
kofei,/ˈkofei̯/,/ˈkofʲei̯/,0.12
korgie,/ˈkorɡie̯/,/ˈkorgie̯/,0.12
kallivo,/ˈkɑlʲːiʋo/,/ˈkɑlːiʋo/,0.12
lebedi,/ˈlʲebedʲi/,/ˈlʲebedi/,0.12
liäšö,/ˈliæ̯ʃø/,/ˈlʲiæ̯ʃø/,0.12
liäžö,/ˈliæ̯ʒø/,/ˈlʲiæ̯ʒø/,0.12
oraškuu,/ˈorɑʃˌkuː/,/ˈorɑʃkuː/,0.12
piässä,/ˈpiæ̯sʲːæ/,/ˈpiæ̯sːæ/,0.12
aprelʹa,/ˈɑprʲelʲɑ/,/ˈɑprelʲɑ/,0.12
šinini,/ˈʃinʲinʲi/,/ˈʃinʲini/,0.12
šulakuu,/ˈʃulɑˌkuː/,/ˈʃulɑkuː/,0.12
šyyškuu,/ˈʃyːʃˌkuː/,/ˈʃyːʃkuː/,0.12
šajekuu,/ˈʃɑjeˌkuː/,/ˈʃɑjekuː/,0.12
vuoži,/ˈʋuo̯ʒi/,/ˈʋuo̯ʒʲi/,0.12
eurovision laulukilpailu,/ˈeu̯roˌʋisʲion ˈlɑu̯luˌkilpɑi̯lu/,/ˈeu̯roʋisʲio̯n lɑu̯lukilpɑi̯lu/,0.13
aševelvollini,/ˈɑʃeˌʋelʋolʲːinʲi/,/ˈɑʃeʋelʋolːinʲi/,0.13
eglen,/ˈeɡlʲen/,/ˈeglʲen/,0.14
elokuu,/ˈeloˌkuː/,/ˈelokuː/,0.14
ennakkuolʹta,/ˈenːɑkˌkuo̯lʲtɑ/,/ˈenːɑkːuo̯lʲtɑ/,0.14
guada,/ˈɡuɑ̯dɑ/,/ˈguɑ̯dɑ/,0.14
haugi,/ˈhɑu̯ɡi/,/ˈhɑu̯gi/,0.14
jygie,/ˈjyɡie̯/,/ˈjygie̯/,0.14
kennih,/ˈkenʲːih/,/ˈkenːih/,0.14
kuuži,/ˈkuːʒi/,/ˈkuːʒʲi/,0.14
kankaš,/ˈkɑŋkɑʃ/,/ˈkɑnkɑʃ/,0.14
kanži,/ˈkɑnʒi/,/ˈkɑnʒʲi/,0.14
kangaš,/ˈkɑŋɡɑʃ/,/ˈkɑŋgɑʃ/,0.14
lehti,/ˈlʲehtʲi/,/ˈlʲehti/,0.14
löttö,/ˈlʲøtʲːø/,/ˈlʲøtːø/,0.14
mozgut,/ˈmozɡut/,/ˈmozgut/,0.14
nellä,/ˈnʲelʲːæ/,/ˈnʲelːæ/,0.14
nyblä,/ˈnʲyblʲæ/,/ˈnʲyblæ/,0.14
nyplä,/ˈnʲyplʲæ/,/ˈnʲyplæ/,0.14
poiga,/ˈpoi̯ɡɑ/,/ˈpoi̯gɑ/,0.14
risti,/ˈrisʲtʲi/,/ˈristʲi/,0.14
suksi,/ˈsuksi/,/ˈsuksʲi/,0.14
tyttö,/ˈtʲytʲːø/,/ˈtʲytːø/,0.14
tähti,/ˈtʲæhtʲi/,/ˈtʲæhti/,0.14
ahinko,/ˈɑhiŋko/,/ˈɑhinko/,0.14
ahingo,/ˈɑhiŋɡo/,/ˈɑhiŋgo/,0.14
anteliekaš,/ˈɑntelie̯kɑʃ/,/ˈɑntʲelʲie̯kɑʃ/,0.14
virži,/ˈʋirʒi/,/ˈʋirʒʲi/,0.14
vägevä,/ˈʋæɡeʋæ/,/ˈʋægeʋæ/,0.14
vägövä,/ˈʋæɡøʋæ/,/ˈʋægøʋæ/,0.14
valeh,/ˈʋɑleh/,/ˈʋɑlʲeh/,0.14
nyköiskarjalaini,/ˈnʲykøi̯sˌkɑrjɑˌlɑi̯nʲi/,/ˈnʲykøi̯skɑrjɑlɑi̯ni/,0.15
hukankorenda,/ˈhukɑŋˌkorendɑ/,/ˈhukɑnkorendɑ/,0.15
korvasieni,/ˈkorʋɑˌsʲie̯nʲi/,/ˈkorʋɑsʲie̯ni/,0.15
kaglapaikka,/ˈkɑɡlɑˌpɑi̯kːɑ/,/ˈkɑglɑpɑi̯kːɑ/,0.15
muakondie,/ˈmuɑ̯ˌkondie̯/,/ˈmuɑ̯kondʲie̯/,0.15
pöllöhaukka,/ˈpølʲːøˌhɑu̯kːɑ/,/ˈpølːøhɑu̯kːɑ/,0.15
rikaškäsini,/ˈrikɑʃˌkæsʲinʲi/,/ˈrikɑʃkæsʲini/,0.15
ahašhenkini,/ˈɑhɑʃˌheŋkinʲi/,/ˈɑhɑʃhenkinʲi/,0.15
gorničča,/ˈɡornit͡ʃːɑ/,/ˈgornʲit͡ʃːɑ/,0.17
henki,/ˈheŋki/,/ˈhenki/,0.17
hengi,/ˈheŋɡi/,/ˈheŋgi/,0.17
honka,/ˈhoŋkɑ/,/ˈhonkɑ/,0.17
honga,/ˈhoŋɡɑ/,/ˈhoŋgɑ/,0.17
härgä,/ˈhærɡæ/,/ˈhærgæ/,0.17
jälki,/ˈjælʲki/,/ˈjælki/,0.17
jalga,/ˈjɑlɡɑ/,/ˈjɑlgɑ/,0.17
kežä,/ˈkeʒæ/,/ˈkeʒʲæ/,0.17
kurgi,/ˈkurɡi/,/ˈkurgi/,0.17
kylvö,/ˈkylʲʋø/,/ˈkylʋø/,0.17
kyllä,/ˈkylʲːæ/,/ˈkylːæ/,0.17
kynkä,/ˈkyŋkæ/,/ˈkynkæ/,0.17
kyngä,/ˈkyŋɡæ/,/ˈkyŋgæ/,0.17
kärgi,/ˈkærɡi/,/ˈkærgi/,0.17
kagla,/ˈkɑɡlɑ/,/ˈkɑglɑ/,0.17
kate,/ˈkɑte/,/ˈkɑtʲe/,0.17
late,/ˈlɑte/,/ˈlɑtʲe/,0.17
langa,/ˈlɑŋɡɑ/,/ˈlɑŋgɑ/,0.17
liga,/ˈlʲiɡɑ/,/ˈlʲigɑ/,0.17
mehiläini,/ˈmehiˌlʲæi̯nʲi/,/ˈmehilʲæi̯ni/,0.17
mozgu,/ˈmozɡu/,/ˈmozgu/,0.17
mygrä,/ˈmyɡræ/,/ˈmygræ/,0.17
mägrä,/ˈmæɡræ/,/ˈmægræ/,0.17
pilvi,/ˈpilʲʋi/,/ˈpilʋi/,0.17
purgu,/ˈpurɡu/,/ˈpurgu/,0.17
ryžä,/ˈryʒæ/,/ˈryʒʲæ/,0.17
toži,/ˈtoʒi/,/ˈtoʒʲi/,0.17
tuli,/ˈtuli/,/ˈtulʲi/,0.17
ägie,/ˈæɡie̯/,/ˈægie̯/,0.17
aiga,/ˈɑi̯ɡɑ/,/ˈɑi̯gɑ/,0.17
šänky,/ˈʃæŋky/,/ˈʃænky/,0.17
šanakniiga,/ˈʃɑnɑˌknʲiːɡɑ/,/ˈʃɑnɑknʲiːgɑ/,0.17
velli,/ˈʋelʲːi/,/ˈʋelːi/,0.17
halʹlʹakka,/ˈhɑlʲːɑkːɑ/,/ˈhɑlʲlʲɑkːɑ/,0.18
kilpikonna,/ˈkilʲpiˌkonːɑ/,/ˈkilpikonːɑ/,0.18
peldohiiri,/ˈpeldoˌhiːrʲi/,/ˈpeldohiːri/,0.18
rašvakatti,/ˈrɑʃʋɑˌkɑtʲːi/,/ˈrɑʃʋɑkɑtːi/,0.18
feurali,/ˈfeu̯rɑlʲi/,/ˈfʲeu̯rɑli/,0.2
higi,/ˈhiɡi/,/ˈhigi/,0.2
igen,/ˈiɡen/,/ˈigen/,0.2
ižä,/ˈiʒæ/,/ˈiʒʲæ/,0.2
jogo,/ˈjoɡo/,/ˈjogo/,0.2
joga,/ˈjoɡɑ/,/ˈjogɑ/,0.2
kulkulagi,/ˈkulkuˌlɑɡi/,/ˈkulkulɑgi/,0.2
lumiukko,/ˈlumiˌukːo/,/ˈlumiu̯kːo/,0.2
lagi,/ˈlɑɡi/,/ˈlɑgi/,0.2
muamygrä,/ˈmuɑ̯ˌmyɡræ/,/ˈmuɑ̯mygræ/,0.2
nogi,/ˈnoɡi/,/ˈnogi/,0.2
palokärgi,/ˈpɑloˌkærɡi/,/ˈpɑlokærgi/,0.2
čidžilyškä,/ˈt͡ʃid͡ʒiˌlʲyʃkæ/,/ˈt͡ʃidʒʲilʲyʃkæ/,0.2
yskä,/ˈysʲkæ/,/ˈyskæ/,0.2
appiukko,/ˈɑpːiˌukːo/,/ˈɑpːiu̯kːo/,0.2
veri,/ˈʋerʲi/,/ˈʋeri/,0.2
kežäkuu,/ˈkeʒæˌkuː/,/ˈkeʒʲækuː/,0.22
kulʹtura,/kulʲˈturɑ/,/ˈkulʲturɑ/,0.22
kaniini,/ˈkanʲiːnʲi/,/ˈkɑnʲiːni/,0.22
ligakuu,/ˈlʲiɡɑˌkuː/,/ˈlʲigɑkuː/,0.22
lisätä,/ˈlisætæ/,/ˈlʲisʲætæ/,0.22
lʹolʹlʹo,/ˈlʲolʲːo/,/ˈlʲolʲlʲo/,0.22
miljoona,/milˈjoːnɑ/,/ˈmiljoːnɑ/,0.22
nʹonʹnʹo,/ˈnʲonʲːo/,/ˈnʲonʲnʲo/,0.22
tammikuu,/ˈtamːiˌkuː/,/ˈtɑmːikuː/,0.22
tämmöni,/ˈtæmːønʲi/,/ˈtʲæmːøni/,0.22
ahašhengine,/ˈɑhɑʒˌheŋɡinʲe/,/ˈɑhɑʃheŋginʲe/,0.23
ammatillini,/ˈɑmːɑˌtʲilʲːinʲi/,/ˈɑmːɑtʲilːini/,0.23
eländä,/ˈelʲænʲdʲæ/,/ˈelʲændæ/,0.25
eläntä,/ˈelʲænʲtʲæ/,/ˈelʲæntæ/,0.25
igä,/ˈiɡæ/,/ˈigæ/,0.25
keškiigäne,/ˈkeʃkiˌiɡænʲe/,/ˈkeʃkiːgænʲe/,0.25
ortʹtʹo,/ˈortʲːo/,/ˈortʲtʲo/,0.25
šygyžy,/ˈʃyɡyʒy/,/ˈʃygyʒʲy/,0.25
abuiäni,/ˈɑbuˌiæ̯nʲi/,/ˈɑbui̯ænʲi/,0.3
jälgi,/ˈjælʲɡi/,/ˈjælgi/,0.33
šygyžkuu,/ˈʃyɡyʃˌkuː/,/ˈʃygyʒkuː/,0.33
