grapheme,gold,pred,accuracy
abie,ˈɑbie̯,ˈɑbie̯,0.0
ahe,ˈɑhe,ˈɑhe,0.0
abuiäni,ˈɑbuˌiæ̯nʲi,ˈɑbui̯æ̯nʲi,18.0
ahašhengine,ˈɑhɑʒˌheŋɡinʲe,ˈɑhɑʒˌheŋɡinʲe,0.0
ahaš,ˈɑhɑʃ,ˈɑhɑʃ,0.0
aakkua,ˈɑːkːuɑ̯,ˈɑɑkːuɑ̯,12.0
adivo,ˈɑdʲiʋo,ˈɑdʲiʋo,0.0
ahašhenkini,ˈɑhɑʃˌheŋkinʲi,ˈɑhɑʃˌheŋkinʲi,0.0
ahingo,ˈɑhiŋɡo,ˈɑhiŋɡo,0.0
adra,ˈɑdrɑ,ˈɑdrɑ,0.0
ahkera,ˈɑhkerɑ,ˈɑhkerɑ,0.0
ahkivo,ˈɑhkiʋo,ˈɑhkiʋo,0.0
ahinko,ˈɑhiŋko,ˈɑhiŋko,0.0
ahjo,ˈɑhjo,ˈɑhjo,0.0
abu,ˈɑbu,ˈɑbu,0.0
ahtivo,ˈɑhtʲiʋo,ˈɑhtʲiʋo,0.0
ahku,ˈɑhku,ˈɑhku,0.0
aida,ˈɑi̯dɑ,ˈɑi̯dɑ,0.0
ainoš,ˈɑi̯noʃ,ˈɑi̯noʃ,0.0
airo,ˈɑi̯ro,ˈɑi̯ro,0.0
aiga,ˈɑi̯ɡɑ,ˈɑi̯ɡɑ,0.0
aika,ˈɑi̯kɑ,ˈɑi̯kɑ,0.0
ajelupualikka,ˈɑjeluˌpuɑ̯lʲikːɑ,ˈɑjeluˌpuɑ̯lʲikːɑ,0.0
aivot,ˈɑi̯ʋot,ˈɑi̯ʋot,0.0
ahmo,ˈɑhmo,ˈɑhmo,0.0
aitta,ˈɑi̯tːɑ,ˈɑi̯tːɑ,0.0
akka,ˈɑkːɑ,ˈɑkːɑ,0.0
aita,ˈɑi̯tɑ,ˈɑi̯tɑ,0.0
allaš,ˈɑlːɑʃ,ˈɑlːɑʃ,0.0
akottuo,ˈɑkotːuo̯,ˈɑkotːuo̯,0.0
ajelušpualikka,ˈɑjeluʃˌpuɑ̯lʲikːɑ,ˈɑjeluʃˌpuɑ̯lʲikːɑ,0.0
alah,ˈɑlɑh,ˈɑlɑh,0.0
aloveh,ˈɑloʋeh,ˈɑloʋeh,0.0
allaviivata,ˈɑlːɑˌʋiːʋɑtɑ,ˈɑllɑˌʋiːʋɑtɑ,8.0
andilaš,ˈɑndilɑʃ,ˈɑndilɑʃ,0.0
altina,ˈɑltʲinɑ,ˈɑltʲinɑ,0.0
appiukko,ˈɑpːiˌukːo,ˈɑpːiˌukːo,0.0
ammatillini,ˈɑmːɑˌtʲilʲːinʲi,ˈɑmːɑˌtʲilʲːinʲi,0.0
apie,ˈɑpie̯,ˈɑpie̯,0.0
anteliekaš,ˈɑntelie̯kɑʃ,ˈɑntʲelʲie̯kɑʃ,17.0
anoppi,ˈɑnopːi,ˈɑnopːi,0.0
appi,ˈɑpːi,ˈɑpːi,0.0
arhelei,ˈɑrhelʲei̯,ˈɑrhelʲei̯,0.0
armahuš,ˈɑrmɑhuʃ,ˈɑrmɑhuʃ,0.0
aprelʹa,ˈɑprʲelʲɑ,ˈɑprʲelʲɑ,0.0
antilaš,ˈɑntilɑʃ,ˈɑntilɑʃ,0.0
arvata,ˈɑrʋɑtɑ,ˈɑrʋɑtɑ,0.0
armaš,ˈɑrmɑʃ,ˈɑrmɑʃ,0.0
apu,ˈɑpu,ˈɑpu,0.0
aševelvollini,ˈɑʃeˌʋelʋolʲːinʲi,ˈɑʃeˌʋelʋolʲːinʲi,0.0
atra,ˈɑtrɑ,ˈɑtrɑ,0.0
augusta,ˈɑu̯ɡustɑ,ˈɑu̯ɡustɑ,0.0
armo,ˈɑrmo,ˈɑrmo,0.0
ašnita,ˈɑʃnʲitɑ,ˈɑʃnʲitɑ,0.0
auli,ˈɑu̯lʲi,ˈɑu̯lʲi,0.0
autobušši,ˈɑu̯toˌbuʃːi,ˈɑu̯toˌbuʃːi,0.0
ativo,ˈɑtʲiʋo,ˈɑtʲiʋo,0.0
arvo,ˈɑrʋo,ˈɑrʋo,0.0
avata,ˈɑʋɑtɑ,ˈɑʋɑtɑ,0.0
bokko,ˈbokːo,ˈbokːo,0.0
avtobussa,ˈɑʋtoˌbusːɑ,ˈɑʋtoˌbusːɑ,0.0
čidžilyškä,ˈt͡ʃid͡ʒiˌlʲyʃkæ,ˈt͡ʃid͡ʒiˌlʲyʃkæ,0.0
čiba,ˈt͡ʃibɑ,ˈt͡ʃibɑ,0.0
briha,ˈbrihɑ,ˈbrihɑ,0.0
čičiliušku,ˈt͡ʃit͡ʃiˌlʲiu̯ʃku,ˈt͡ʃit͡ʃiˌlʲiʃkːu,17.0
čakka,ˈt͡ʃɑkːɑ,ˈt͡ʃɑkːɑ,0.0
čirppi,ˈt͡ʃirpːi,ˈt͡ʃirpːi,0.0
čuasti,ˈt͡ʃuɑ̯sʲtʲi,ˈt͡ʃuɑ̯sʲtʲi,0.0
čirpi,ˈt͡ʃirpi,ˈt͡ʃirpi,0.0
čikko,ˈt͡ʃikːo,ˈt͡ʃikːo,0.0
čiili,ˈt͡ʃiːlʲi,ˈt͡ʃiːlʲi,0.0
dekabrʹa,ˈdʲekɑbrʲɑ,ˈdʲekɑbrʲɑ,0.0
eglein,ˈeɡlʲei̯n,ˈeɡlʲei̯n,0.0
eepossa,ˈeːposːɑ,ˈeːposːɑ,0.0
da,ˈdɑ,ˈdɑ,0.0
dekabri,ˈdʲekɑbrʲi,ˈdʲekɑbrʲi,0.0
egläin,ˈeɡlʲæi̯n,ˈeɡlʲæi̯n,0.0
ei,ˈei̯,ˈei̯,0.0
eglen,ˈeɡlʲen,ˈeɡlʲen,0.0
elokuu,ˈeloˌkuː,ˈeloˌkuː,0.0
eklen,ˈeklʲen,ˈeklʲen,0.0
elätti,ˈelʲætʲːi,ˈelʲætʲːi,0.0
eläntä,ˈelʲænʲtʲæ,ˈelʲænʲtʲæ,0.0
elo,ˈelo,ˈelo,0.0
ešte,ˈeʃtʲe,ˈeʃtʲe,0.0
ennakkuolʹta,ˈenːɑkˌkuo̯lʲtɑ,ˈenːɑkˌkuo̯lʲtɑ,0.0
eländä,ˈelʲænʲdʲæ,ˈelʲænʲdæ,10.0
emä,ˈemæ,ˈemæ,0.0
eurovision laulukilpailu,ˈeu̯roˌʋisʲion ˈlɑu̯luˌkilpɑi̯lu,ˈeu̯roˌʋisʲion ˈlɑu̯luˌkilpɑi̯lpɑi̯lpɑi̯,28.000000000000004
greču,ˈɡret͡ʃu,ˈɡret͡ʃu,0.0
gorničča,ˈɡornit͡ʃːɑ,ˈɡornit͡ʃːɑ,0.0
guada,ˈɡuɑ̯dɑ,ˈɡuɑ̯dɑ,0.0
feurali,ˈfeu̯rɑlʲi,ˈfeu̯rɑlʲi,0.0
flynteri,ˈflʲyntʲeri,ˈflʲyntʲeri,0.0
haju,ˈhɑju,ˈhɑju,0.0
hajukaš,ˈhɑjukɑʃ,ˈhɑjukɑʃ,0.0
hameh,ˈhɑmeh,ˈhɑmeh,0.0
gosʹtʹa,ˈɡosʲtʲɑ,ˈɡosʲtʲɑ,0.0
halʹlʹakka,ˈhɑlʲːɑkːɑ,ˈhɑlʲːɑkːɑ,0.0
eklein,ˈeklʲei̯n,ˈeklʲei̯n,0.0
hammaš,ˈhɑmːɑʃ,ˈhɑmːɑʃ,0.0
harpata,ˈhɑrpɑtɑ,ˈhɑrpɑtɑ,0.0
harpauš,ˈhɑrpɑu̯ʃ,ˈhɑrpɑu̯ʃ,0.0
harmua,ˈhɑrmuɑ̯,ˈhɑrmuɑ̯,0.0
hanhi,ˈhɑnhi,ˈhɑnhi,0.0
hapata,ˈhɑpɑtɑ,ˈhɑpɑtɑ,0.0
harju,ˈhɑrju,ˈhɑrju,0.0
harppauš,ˈhɑrpːɑu̯ʃ,ˈhɑrpːɑu̯ʃ,0.0
harakka,ˈhɑrɑkːɑ,ˈhɑrɑkːɑ,0.0
hapan,ˈhɑpɑn,ˈhɑpɑn,0.0
hauda,ˈhɑu̯dɑ,ˈhɑu̯dɑ,0.0
haugi,ˈhɑu̯ɡi,ˈhɑu̯ɡi,0.0
hebo,ˈhebo,ˈhebo,0.0
eri,ˈeri,ˈeri,0.0
heinäkuu,ˈhei̯nʲæˌkuː,ˈhei̯nʲæˌkuː,0.0
hauki,ˈhɑu̯ki,ˈhɑu̯ki,0.0
hebone,ˈhebonʲe,ˈhebonʲe,0.0
heimo,ˈhei̯mo,ˈhei̯mo,0.0
heikko,ˈhei̯kːo,ˈhei̯kːo,0.0
hauta,ˈhɑu̯tɑ,ˈhɑu̯tɑ,0.0
haukka,ˈhɑu̯kːɑ,ˈhɑu̯kːɑ,0.0
hengi,ˈheŋɡi,ˈheŋɡi,0.0
heinä,ˈhei̯nʲæ,ˈhei̯nʲæ,0.0
henkityš,ˈheŋkitʲyʃ,ˈheŋkitʲyʃ,0.0
herneh,ˈhernʲeh,ˈhernʲeh,0.0
hepo,ˈhepo,ˈhepo,0.0
hibie,ˈhibie̯,ˈhibie̯,0.0
higi,ˈhiɡi,ˈhiɡi,0.0
hipie,ˈhipie̯,ˈhipie̯,0.0
heponi,ˈheponʲi,ˈheponʲi,0.0
hiiri,ˈhiːri,ˈhiːri,0.0
hengityš,ˈheŋɡitʲyʃ,ˈheŋɡitʲyʃ,0.0
hiki,ˈhiki,ˈhiki,0.0
henki,ˈheŋki,ˈheŋki,0.0
hibiehiiri,ˈhibie̯ˌhiːri,ˈhibie̯ˌhiːri,0.0
hipiehiiri,ˈhipie̯ˌhiːri,ˈhipie̯ˌhiːri,0.0
hospoti,ˈhospotʲi,ˈhospotʲi,0.0
hivuš,ˈhiʋuʃ,ˈhiʋuʃ,0.0
huja,ˈhujɑ,ˈhujɑ,0.0
hukka,ˈhukːɑ,ˈhukːɑ,0.0
huoli,ˈhuo̯lʲi,ˈhuo̯lʲi,0.0
hirvi,ˈhirʋi,ˈhirʋi,0.0
huomeneš,ˈhuo̯meneʃ,ˈhuo̯meneʃ,0.0
huono,ˈhuo̯no,ˈhuo̯no,0.0
hyvä,ˈhyʋæ,ˈhyʋæ,0.0
huomneš,ˈhuo̯mneʃ,ˈhuo̯mneʃ,0.0
huttu,ˈhutːu,ˈhutːu,0.0
huomena,ˈhuo̯menɑ,ˈhuo̯menɑ,0.0
huuhkaja,ˈhuːhkɑjɑ,ˈhuːhkɑjɑ,0.0
hyö,ˈhyø̯,ˈhyø̯,0.0
hätä,ˈhætʲæ,ˈhætʲæ,0.0
hädä,ˈhædʲæ,ˈhædʲæ,0.0
hyybiehaukka,ˈhyːbie̯ˌhɑu̯kːɑ,ˈhyːbie̯ˌhɑu̯kːɑ,0.0
hyypiehaukka,ˈhyːpie̯ˌhɑu̯kːɑ,ˈhyːpie̯ˌhɑu̯kːɑ,0.0
hyypie,ˈhyːpie̯,ˈhyːpie̯,0.0
höyry,ˈhøy̯ry,ˈhøy̯ry,0.0
häkki,ˈhækːi,ˈhækːi,0.0
hämehikki,ˈhæmeˌhikːi,ˈhæmeˌhikːi,0.0
hämähikkö,ˈhæmæˌhikːø,ˈhæmæˌhikːø,0.0
härgä,ˈhærɡæ,ˈhærɡæ,0.0
höberö,ˈhøberø,ˈhøberø,0.0
höperö,ˈhøperø,ˈhøperø,0.0
iččeh,ˈit͡ʃːeh,ˈit͡ʃːeh,0.0
igä,ˈiɡæ,ˈiɡæ,0.0
ijen,ˈijen,ˈijen,0.0
igen,ˈiɡen,ˈiɡen,0.0
ihmini,ˈihminʲi,ˈihminʲi,0.0
ilta,ˈiltɑ,ˈiltɑ,0.0
ijulʹa,ˈijulʲɑ,ˈijulʲɑ,0.0
ikä,ˈikæ,ˈikæ,0.0
ilveš,ˈilʋeʃ,ˈilʋeʃ,0.0
ilma,ˈilmɑ,ˈilmɑ,0.0
jalga,ˈjɑlɡɑ,ˈjɑlɡɑ,0.0
inehmine,ˈinʲehminʲe,ˈinʲehminʲe,0.0
jalka,ˈjɑlkɑ,ˈjɑlkɑ,0.0
iäni,ˈiæ̯nʲi,ˈiæ̯nʲi,0.0
izä,ˈizʲæ,ˈizʲæ,0.0
jo,ˈjo,ˈjo,0.0
iäreh,ˈiæ̯reh,ˈiæ̯reh,0.0
janhus,ˈjɑnhus,ˈjɑnhus,0.0
joka,ˈjokɑ,ˈjokɑ,0.0
jiä,ˈjiæ̯,ˈjiæ̯,0.0
jiähä,ˈjiæ̯hæ,ˈjiæ̯hæ,0.0
jumala,ˈjumɑlɑ,ˈjumɑlɑ,0.0
jauho,ˈjɑu̯ho,ˈjɑu̯ho,0.0
joga,ˈjoɡɑ,ˈjoɡɑ,0.0
joko,ˈjoko,ˈjoko,0.0
jygie,ˈjyɡie̯,ˈjyɡie̯,0.0
jouši,ˈjou̯ʃi,ˈjou̯ʃi,0.0
joučen,ˈjou̯t͡ʃen,ˈjou̯t͡ʃen,0.0
jouži,ˈjou̯ʒi,ˈjou̯ʒi,0.0
jykie,ˈjykie̯,ˈjykie̯,0.0
kagla,ˈkɑɡlɑ,ˈkɑɡlɑ,0.0
jänis,ˈjænʲis,ˈjænʲis,0.0
kaglapaikka,ˈkɑɡlɑˌpɑi̯kːɑ,ˈkɑɡlɑˌpɑi̯kːɑ,0.0
järvi,ˈjærʋi,ˈjærʋi,0.0
kala,ˈkɑlɑ,ˈkɑlɑ,0.0
kalakukko,ˈkɑlɑˌkukːo,ˈkɑlɑˌkukːo,0.0
kakattua,ˈkɑkɑtːuɑ̯,ˈkɑkɑtːuɑ̯,0.0
kallivo,ˈkɑlʲːiʋo,ˈkɑlʲːiʋo,0.0
kana,ˈkɑnɑ,ˈkɑnɑ,0.0
kampala,ˈkɑmpɑlɑ,ˈkɑmpɑlɑ,0.0
kaivo,ˈkɑi̯ʋo,ˈkɑi̯ʋo,0.0
kaniini,ˈkanʲiːnʲi,ˈkanʲiːnʲi,0.0
kanto,ˈkɑnto,ˈkɑnto,0.0
kanži,ˈkɑnʒi,ˈkɑnʒi,0.0
kapusta,ˈkɑpustɑ,ˈkɑpustɑ,0.0
kando,ˈkɑndo,ˈkɑndo,0.0
kariela,ˈkɑrʲie̯lɑ,ˈkɑrʲie̯lɑ,0.0
kazi,ˈkɑzʲi,ˈkɑzʲi,0.0
kate,ˈkɑte,ˈkɑte,0.0
kaunis,ˈkɑu̯nʲis,ˈkɑu̯nʲis,0.0
karu,ˈkɑru,ˈkɑru,0.0
karjala,ˈkɑrjɑlɑ,ˈkɑrjɑlɑ,0.0
kello,ˈkelːo,ˈkelːo,0.0
kaunisʹ,ˈkɑu̯nʲisʲ,ˈkɑu̯nʲisʲ,0.0
kauha,ˈkɑu̯hɑ,ˈkɑu̯hɑ,0.0
keldane,ˈkeldɑnʲe,ˈkeldɑnʲe,0.0
kerroš,ˈkerːoʃ,ˈkerːoʃ,0.0
kennih,ˈkenʲːih,ˈkenʲːih,0.0
kanta,ˈkɑntɑ,ˈkɑntɑ,0.0
kešä,ˈkeʃæ,ˈkeʃæ,0.0
kešäkuu,ˈkeʃæˌkuː,ˈkeʃæˌkuː,0.0
kežä,ˈkeʒæ,ˈkeʒæ,0.0
ken,ˈken,ˈken,0.0
keški-ikähini,ˈkeʃkiˌikæhinʲi,ˈkeʃkiˌikæhinʲi,0.0
kevät,ˈkeʋæt,ˈkeʋæt,0.0
kibu,ˈkibu,ˈkibu,0.0
keyhä,ˈkey̯hæ,ˈkey̯hæ,0.0
kilpikonna,ˈkilʲpiˌkonːɑ,ˈkilʲpiˌkonːɑ,0.0
kibie,ˈkibie̯,ˈkibie̯,0.0
kiitoš,ˈkiːtoʃ,ˈkiːtoʃ,0.0
kipie,ˈkipie̯,ˈkipie̯,0.0
kilpailu,ˈkilpɑi̯lu,ˈkilpɑi̯lu,0.0
kiittiä,ˈkiːtʲːiæ̯,ˈkiːtʲːiæ̯,0.0
kivi,ˈkiʋi,ˈkiʋi,0.0
kivyäri,ˈkiʋyæ̯ri,ˈkiʋyæ̯ri,0.0
kiittyä,ˈkiːtʲːyæ̯,ˈkiːtʲːyæ̯,0.0
kiugua,ˈkiu̯ɡuɑ̯,ˈkiu̯ɡuɑ̯,0.0
kniäsä,ˈknʲiæ̯sʲæ,ˈknʲiæ̯sʲæ,0.0
kohta,ˈkohtɑ,ˈkohtɑ,0.0
kniäzä,ˈknʲiæ̯zʲæ,ˈknʲiæ̯zʲæ,0.0
kivari,ˈkiʋɑri,ˈkiʋɑri,0.0
klʹukka,ˈklʲukːɑ,ˈklʲukːɑ,0.0
kojitoin,ˈkojitoi̯n,ˈkojitoi̯n,0.0
kondie,ˈkondie̯,ˈkondie̯,0.0
koi,ˈkoi̯,ˈkoi̯,0.0
kolme,ˈkolme,ˈkolme,0.0
korenda,ˈkorendɑ,ˈkorendɑ,0.0
kontie,ˈkontie̯,ˈkontie̯,0.0
konša,ˈkonʃɑ,ˈkonʃɑ,0.0
kopeikka,ˈkopei̯kːɑ,ˈkopei̯kːɑ,0.0
korento,ˈkorento,ˈkorento,0.0
korbi,ˈkorbi,ˈkorbi,0.0
kormani,ˈkormɑnʲi,ˈkormɑnʲi,0.0
korgie,ˈkorɡie̯,ˈkorɡie̯,0.0
korva,ˈkorʋɑ,ˈkorʋɑ,0.0
koti,ˈkotʲi,ˈkotʲi,0.0
kova,ˈkoʋɑ,ˈkoʋɑ,0.0
kormano,ˈkormɑno,ˈkormɑno,0.0
korničča,ˈkornit͡ʃːɑ,ˈkornit͡ʃːɑ,0.0
korvasieni,ˈkorʋɑˌsʲie̯nʲi,ˈkorʋɑˌsʲie̯nʲi,0.0
kotka,ˈkotkɑ,ˈkotkɑ,0.0
krollikka,ˈkrolʲːikːɑ,ˈkrolʲːikːɑ,0.0
kostʹa,ˈkostʲɑ,ˈkosʲtʲɑ,14.000000000000002
kruška,ˈkruʃkɑ,ˈkruʃkɑ,0.0
kukko,ˈkukːo,ˈkukːo,0.0
kruuška,ˈkruːʃkɑ,ˈkruːʃkɑ,0.0
ku,ˈku,ˈku,0.0
kuali,ˈkuɑ̯lʲi,ˈkuɑ̯lʲi,0.0
kulkku,ˈkulkːu,ˈkulkːu,0.0
kuničča,ˈkunʲit͡ʃːɑ,ˈkunʲit͡ʃːɑ,0.0
kulku,ˈkulku,ˈkulku,0.0
kurva,ˈkurʋɑ,ˈkurʋɑ,0.0
kulʹtura,kulʲˈturɑ,kulʲˈturɑ,0.0
kulkulagi,ˈkulkuˌlɑɡi,ˈkulkuˌlɑɡi,0.0
kyllä,ˈkylʲːæ,ˈkylʲːæ,0.0
kurki,ˈkurki,ˈkurki,0.0
kuore,ˈkuo̯re,ˈkuo̯re,0.0
kurgi,ˈkurɡi,ˈkurɡi,0.0
kuu,ˈkuː,ˈkuː,0.0
kyly,ˈkylʲy,ˈkylʲy,0.0
kuuži,ˈkuːʒi,ˈkuːʒi,0.0
kyngä,ˈkyŋɡæ,ˈkyŋɡæ,0.0
köyhä,ˈkøy̯hæ,ˈkøy̯hæ,0.0
kärki,ˈkærki,ˈkærki,0.0
laki,ˈlɑki,ˈlɑki,0.0
lampi,ˈlɑmpi,ˈlɑmpi,0.0
lakši,ˈlɑkʃi,ˈlɑkʃi,0.0
late,ˈlɑte,ˈlɑte,0.0
lagi,ˈlɑɡi,ˈlɑɡi,0.0
kätyt,ˈkætʲyt,ˈkætʲyt,0.0
lebedi,ˈlʲebedʲi,ˈlʲebedʲi,0.0
lehti,ˈlʲehtʲi,ˈlʲehtʲi,0.0
ligakuu,ˈlʲiɡɑˌkuː,ˈlʲiɡɑˌkuː,0.0
liga,ˈlʲiɡɑ,ˈlʲiɡɑ,0.0
langa,ˈlɑŋɡɑ,ˈlɑŋɡɑ,0.0
liiva,ˈlʲiːʋɑ,ˈlʲiːʋɑ,0.0
lehmä,ˈlʲehmæ,ˈlʲehmæ,0.0
liäžö,ˈliæ̯ʒø,ˈliæ̯ʒø,0.0
liävä,ˈlʲiæ̯ʋæ,ˈlʲiæ̯ʋæ,0.0
lumiukko,ˈlumiˌukːo,ˈlumiˌukːo,0.0
lindu,ˈlʲindu,ˈlʲindu,0.0
lukku,ˈlukːu,ˈlukːu,0.0
lisätä,ˈlisætæ,ˈlisætæ,0.0
lusikka,ˈlusʲikːɑ,ˈlusʲikːɑ,0.0
lokka,ˈlokːɑ,ˈlokːɑ,0.0
lypšiä,ˈlʲypʃiæ̯,ˈlʲypʃiæ̯,0.0
mai,ˈmɑi̯,ˈmɑi̯,0.0
lämmin,ˈlʲæmːin,ˈlʲæmːin,0.0
luu,ˈluː,ˈluː,0.0
luzikka,ˈluzʲikːɑ,ˈluzʲikːɑ,0.0
löttö,ˈlʲøtʲːø,ˈlʲøtʲːø,0.0
mado,ˈmɑdo,ˈmɑdo,0.0
mato,ˈmɑto,ˈmɑto,0.0
mančikka,ˈmɑnt͡ʃikːɑ,ˈmɑnt͡ʃikːɑ,0.0
maido,ˈmɑi̯do,ˈmɑi̯do,0.0
mennä,ˈmenːæ,ˈmenːæ,0.0
meččo,ˈmet͡ʃːo,ˈmet͡ʃːo,0.0
mi,ˈmi,ˈmi,0.0
merta,ˈmertɑ,ˈmertɑ,0.0
mehiläini,ˈmehiˌlʲæi̯nʲi,ˈmehiˌlʲæi̯nʲi,0.0
miljoona,milˈjoːnɑ,milˈjoːnɑ,0.0
minih,ˈminʲih,ˈminʲih,0.0
merda,ˈmerdɑ,ˈmerdɑ,0.0
mieš,ˈmie̯ʃ,ˈmie̯ʃ,0.0
mua,ˈmuɑ̯,ˈmuɑ̯,0.0
muakondie,ˈmuɑ̯ˌkondie̯,ˈmuɑ̯ˌkondʲie̯,8.0
muu,ˈmuː,ˈmuː,0.0
muamykrä,ˈmuɑ̯ˌmykræ,ˈmuɑ̯ˌmykræ,0.0
muamo,ˈmuɑ̯mo,ˈmuɑ̯mo,0.0
mägrä,ˈmæɡræ,ˈmæɡræ,0.0
muru,ˈmuru,ˈmuru,0.0
nellä,ˈnʲelʲːæ,ˈnʲelʲːæ,0.0
ne,ˈnʲe,ˈnʲe,0.0
mäkrä,ˈmækræ,ˈmækræ,0.0
niekla,ˈnʲie̯klɑ,ˈnʲie̯klɑ,0.0
nero,ˈnʲero,ˈnʲero,0.0
nogi,ˈnoɡi,ˈnoɡi,0.0
niegla,ˈnʲie̯ɡlɑ,ˈnʲie̯ɡlɑ,0.0
nuo,ˈnuo̯,ˈnuo̯,0.0
noki,ˈnoki,ˈnoki,0.0
nojabrʹa,ˈnojɑbrʲɑ,ˈnojɑbrʲɑ,0.0
nämä,ˈnʲæmæ,ˈnʲæmæ,0.0
nokikana,ˈnokiˌkɑnɑ,ˈnokiˌkɑnɑ,0.0
nyblä,ˈnʲyblʲæ,ˈnʲyblʲæ,0.0
oraš,ˈorɑʃ,ˈorɑʃ,0.0
oraškuu,ˈorɑʃˌkuː,ˈorɑʃˌkuː,0.0
olut,ˈolut,ˈolut,0.0
nʹokka,ˈnʲokːɑ,ˈnʲokːɑ,0.0
nyplä,ˈnʲyplʲæ,ˈnʲyplʲæ,0.0
očča,ˈot͡ʃːɑ,ˈot͡ʃːɑ,0.0
orava,ˈorɑʋɑ,ˈorɑʋɑ,0.0
paikka,ˈpɑi̯kːɑ,ˈpɑi̯kːɑ,0.0
ortʹtʹo,ˈortʲːo,ˈortʲːo,0.0
paimen,ˈpɑi̯men,ˈpɑi̯men,0.0
paha,ˈpɑhɑ,ˈpɑhɑ,0.0
ovi,ˈoʋi,ˈoʋi,0.0
ozra,ˈozrɑ,ˈozrɑ,0.0
pedra,ˈpedrɑ,ˈpedrɑ,0.0
pakkaškuu,ˈpɑkːɑʃˌkuː,ˈpɑkːɑʃˌkuː,0.0
peili,ˈpei̯lʲi,ˈpei̯lʲi,0.0
palokärgi,ˈpɑloˌkærɡi,ˈpɑloˌkærɡi,0.0
pii,ˈpiː,ˈpiː,0.0
pereh,ˈpereh,ˈpereh,0.0
peltohiiri,ˈpeltoˌhiːri,ˈpeltoˌhiːri,0.0
pitkä,ˈpitkæ,ˈpitkæ,0.0
pilvi,ˈpilʲʋi,ˈpilʲʋi,0.0
piirdiä,ˈpiːrdʲiæ̯,ˈpiːrdʲiæ̯,0.0
pois,ˈpoi̯s,ˈpoi̯s,0.0
poisʹ,ˈpoi̯sʲ,ˈpoi̯sʲ,0.0
poika,ˈpoi̯kɑ,ˈpoi̯kɑ,0.0
piäh,ˈpiæ̯h,ˈpiæ̯h,0.0
poiga,ˈpoi̯ɡɑ,ˈpoi̯ɡɑ,0.0
puu,ˈpuː,ˈpuː,0.0
piäššä,ˈpiæ̯ʃːæ,ˈpiæ̯ʃːæ,0.0
präkkö,ˈprækːø,ˈprækːø,0.0
pöllöhaukka,ˈpølʲːøˌhɑu̯kːɑ,ˈpølʲːøˌhɑu̯kːɑ,0.0
pyššy,ˈpyʃːy,ˈpyʃʃy,17.0
rebo,ˈrebo,ˈrebo,0.0
repo,ˈrepo,ˈrepo,0.0
purku,ˈpurku,ˈpurku,0.0
riehtilä,ˈrie̯htʲilʲæ,ˈrie̯htʲilʲæ,0.0
ruočči,ˈruo̯t͡ʃːi,ˈruo̯t͡ʃːi,0.0
ruoččiheinä,ˈruo̯t͡ʃːiˌhei̯nʲæ,ˈruo̯t͡ʃːiˌhei̯nʲæ,0.0
riähkä,ˈriæ̯hkæ,ˈriæ̯hkæ,0.0
rahvaš,ˈrɑhʋɑʃ,ˈrɑhʋɑʃ,0.0
ruškie,ˈruʃkie̯,ˈruʃkie̯,0.0
risti,ˈrisʲtʲi,ˈrisʲtʲi,0.0
ruoho,ˈruo̯ho,ˈruo̯ho,0.0
se,ˈsʲe,ˈsʲe,0.0
šaje,ˈʃɑje,ˈʃɑje,0.0
ryšä,ˈryʃæ,ˈryʃæ,0.0
senʹtʹabri,ˈsʲenʲtʲɑbrʲi,ˈsʲenʲtʲɑbrʲi,0.0
suksi,ˈsuksi,ˈsuksi,0.0
šada,ˈʃɑdɑ,ˈʃɑdɑ,0.0
šana,ˈʃɑnɑ,ˈʃɑnɑ,0.0
šeiččimen,ˈʃei̯t͡ʃːimen,ˈʃei̯t͡ʃːimen,0.0
šata,ˈʃɑtɑ,ˈʃɑtɑ,0.0
šeiččemen,ˈʃei̯t͡ʃːemen,ˈʃei̯t͡ʃːemen,0.0
še,ˈʃe,ˈʃe,0.0
šanakniiga,ˈʃɑnɑˌknʲiːɡɑ,ˈʃɑnɑˌknʲiːɡɑ,0.0
šoma,ˈʃomɑ,ˈʃomɑ,0.0
šiili,ˈʃiːlʲi,ˈʃiːlʲi,0.0
šula,ˈʃulɑ,ˈʃulɑ,0.0
šuomi,ˈʃuo̯mi,ˈʃuo̯mi,0.0
šormi,ˈʃormi,ˈʃormi,0.0
šorša,ˈʃorʃɑ,ˈʃorʃɑ,0.0
šiä,ˈʃiæ̯,ˈʃiæ̯,0.0
šorža,ˈʃorʒɑ,ˈʃorʒɑ,0.0
šulakuu,ˈʃulɑˌkuː,ˈʃulɑˌkuː,0.0
šuora,ˈʃuo̯rɑ,ˈʃuo̯rɑ,0.0
zakona,ˈzɑkonɑ,ˈzɑkonɑ,0.0
šygyžy,ˈʃyɡyʒy,ˈʃyɡyʒy,0.0
ta,ˈtɑ,ˈtɑ,0.0
šänky,ˈʃæŋky,ˈʃæŋky,0.0
tie,ˈtʲie̯,ˈtʲie̯,0.0
šyyškuu,ˈʃyːʃˌkuː,ˈʃyːʃˌkuː,0.0
tammikko,ˈtɑmːikːo,ˈtamːikːo,11.0
talvikuu,ˈtɑlʋiˌkuː,ˈtɑlʋiˌkuː,0.0
toine toizen,ˈtoi̯nʲe ˌtoi̯zen,ˈtoi̯nʲeˌtoi̯nʲen,18.0
talvi,ˈtɑlʋi,ˈtɑlʋi,0.0
tammikuu,ˈtamːiˌkuː,ˈtamːiˌkuː,0.0
tammi,ˈtɑmːi,ˈtɑmːi,0.0
tuhat,ˈtuhɑt,ˈtuhɑt,0.0
tuli,ˈtuli,ˈtuli,0.0
tuiskukuu,ˈtui̯skuˌkuː,ˈtui̯skuˌkuː,0.0
tuukkaja,ˈtuːkːɑjɑ,ˈtuːkːɑjɑ,0.0
tuaš,ˈtuɑ̯ʃ,ˈtuɑ̯ʃ,0.0
täh,ˈtʲæh,ˈtʲæh,0.0
tämmöni,ˈtæmːønʲi,ˈtæmːønʲi,0.0
ukko,ˈukːo,ˈukːo,0.0
tyttö,ˈtʲytʲːø,ˈtʲytʲːø,0.0
uni,ˈunʲi,ˈunʲi,0.0
tähti,ˈtʲæhtʲi,ˈtʲæhtʲi,0.0
tuukkajahaukka,ˈtuːkːɑjɑˌhɑu̯kːɑ,ˈtuːkːɑjɑˌhɑu̯kːɑ,0.0
tuuli,ˈtuːlʲi,ˈtuːlʲi,0.0
työ,ˈtʲyø̯,ˈtʲyø̯,0.0
valehuš,ˈʋɑlehuʃ,ˈʋɑlehuʃ,0.0
vanha,ˈʋɑnhɑ,ˈʋɑnhɑ,0.0
valehtua,ˈʋɑlehtuɑ̯,ˈʋɑlehtuɑ̯,0.0
valo,ˈʋɑlo,ˈʋɑlo,0.0
valeh,ˈʋɑleh,ˈʋɑleh,0.0
vanhempi,ˈʋɑnhempi,ˈʋɑnhempi,0.0
venäjä,ˈʋenʲæjæ,ˈʋenʲæjæ,0.0
vavarno,ˈʋɑʋɑrno,ˈʋɑʋɑrno,0.0
vesi,ˈʋesʲi,ˈʋesʲi,0.0
vieraš,ˈʋie̯rɑʃ,ˈʋie̯rɑʃ,0.0
verko,ˈʋerko,ˈʋerko,0.0
viessata,ˈʋie̯sːɑtɑ,ˈʋie̯sːɑtɑ,0.0
vereš,ˈʋereʃ,ˈʋereʃ,0.0
virši,ˈʋirʃi,ˈʋirʃi,0.0
vintofka,ˈʋintofkɑ,ˈʋintofkɑ,0.0
vihmakuu,ˈʋihmɑˌkuː,ˈʋihmɑˌkuː,0.0
virži,ˈʋirʒi,ˈʋirʒi,0.0
vuozi,ˈʋuo̯zʲi,ˈʋuo̯zʲi,0.0
viärä,ˈʋiæ̯ræ,ˈʋiæ̯ræ,0.0
värči,ˈʋært͡ʃi,ˈʋært͡ʃi,0.0
väkövä,ˈʋækøʋæ,ˈʋækøʋæ,0.0
yhekšän,ˈyhekʃæn,ˈyhekʃæn,0.0
yksi,ˈyksʲi,ˈyksi,17.0
vozduha,ˈʋozduhɑ,ˈʋozduhɑ,0.0
yksitoista,ˈyksʲiˌtoi̯stɑ,ˈyksʲiˌtoi̯stɑ,0.0
yö,ˈyø̯,ˈyø̯,0.0
äkevyš,ˈækeʋyʃ,ˈækeʋyʃ,0.0
ägie,ˈæɡie̯,ˈæɡie̯,0.0
äijä,ˈæi̯jæ,ˈæi̯jæ,0.0
äijän,ˈæi̯jæn,ˈæi̯jæn,0.0
äijäpäivä,ˈæi̯jæˌpæi̯ʋæ,ˈæi̯jæˌpæi̯ʋæ,0.0
ämmä,ˈæmːæ,ˈæmːæ,0.0
äkie,ˈækie̯,ˈækie̯,0.0
ämmö,ˈæmːø,ˈæmːø,0.0
hoppu,ˈhopːu,ˈhopːu,0.0
homeh,ˈhomeh,ˈhomeh,0.0
hiän,ˈhiæ̯n,ˈhiæ̯n,0.0
honka,ˈhoŋkɑ,ˈhoŋkɑ,0.0
huuli,ˈhuːlʲi,ˈhuːlʲi,0.0
hukankorenda,ˈhukɑŋˌkorendɑ,ˈhukɑŋˌkorendɑ,0.0
hospodi,ˈhospodʲi,ˈhospodʲi,0.0
huukkaja,ˈhuːkːɑjɑ,ˈhuːkːɑjɑ,0.0
honga,ˈhoŋɡɑ,ˈhoŋɡɑ,0.0
hyybie,ˈhyːbie̯,ˈhyːbie̯,0.0
hyppy,ˈhypːy,ˈhypːy,0.0
iččeni,ˈit͡ʃːenʲi,ˈit͡ʃːenʲi,0.0
härkä,ˈhærkæ,ˈhærkæ,0.0
höyli,ˈhøy̯lʲi,ˈhøy̯lʲi,0.0
iččeš,ˈit͡ʃːeʃ,ˈit͡ʃːeʃ,0.0
iče,ˈit͡ʃe,ˈit͡ʃe,0.0
ijunʹa,ˈijunʲɑ,ˈijunʲɑ,0.0
ilveyš,ˈilʋey̯ʃ,ˈilʋey̯ʃ,0.0
ilda,ˈildɑ,ˈildɑ,0.0
imadra,ˈimɑdrɑ,ˈimɑdrɑ,0.0
janvari,ˈjɑnʋɑrʲi,ˈjɑnʋɑri,11.0
istuo,ˈistuo̯,ˈistuo̯,0.0
itikkä,ˈitʲikːæ,ˈitʲikːæ,0.0
ižä,ˈiʒæ,ˈiʒæ,0.0
jauhuo,ˈjɑu̯huo̯,ˈjɑu̯huo̯,0.0
jogo,ˈjoɡo,ˈjoɡo,0.0
jevrei,ˈjeʋrei̯,ˈjeʋrei̯,0.0
juuri,ˈjuːri,ˈjuːri,0.0
jälgi,ˈjælʲɡi,ˈjælʲɡi,0.0
jänisʹ,ˈjænʲisʲ,ˈjænʲisʲ,0.0
jälki,ˈjælʲki,ˈjælʲki,0.0
kahekšan,ˈkɑhekʃɑn,ˈkɑhekʃɑn,0.0
kahvi,ˈkɑhʋi,ˈkɑhʋi,0.0
kainalo,ˈkɑi̯nɑlo,ˈkɑi̯nɑlo,0.0
kaivua,ˈkɑi̯ʋuɑ̯,ˈkɑi̯ʋuɑ̯,0.0
kangaš,ˈkɑŋɡɑʃ,ˈkɑŋɡɑʃ,0.0
kaklapaikka,ˈkɑklɑˌpɑi̯kːɑ,ˈkɑklɑˌpɑi̯kːɑ,0.0
kakla,ˈkɑklɑ,ˈkɑklɑ,0.0
kanda,ˈkɑndɑ,ˈkɑndɑ,0.0
kani,ˈkɑnʲi,ˈkɑnʲi,0.0
kannanlakši,ˈkɑnːɑnˌlɑkʃi,ˈkɑnːɑnˌlɑkʃi,0.0
kanši,ˈkɑnʃi,ˈkɑnʃi,0.0
kankaš,ˈkɑŋkɑʃ,ˈkɑŋkɑʃ,0.0
karhu,ˈkɑrhu,ˈkɑrhu,0.0
kasi,ˈkɑsʲi,ˈkɑsʲi,0.0
keli,ˈkelʲi,ˈkelʲi,0.0
kartouhka,ˈkɑrtou̯hkɑ,ˈkɑrtou̯hkɑ,0.0
karjalaini,ˈkɑrjɑˌlɑi̯nʲi,ˈkɑrjɑˌlɑi̯nʲi,0.0
keški-ikäni,ˈkeʃkiˌikænʲi,ˈkeʃkiˌikænʲi,0.0
kerppu,ˈkerpːu,ˈkerpːu,0.0
keškiigäne,ˈkeʃkiˌiɡænʲe,ˈkeʃkiˌiɡænʲe,0.0
keltani,ˈkeltɑnʲi,ˈkeltɑnʲi,0.0
kežäkuu,ˈkeʒæˌkuː,ˈkeʒæˌkuː,0.0
kirikkö,ˈkirikːø,ˈkirikːø,0.0
kevätkuu,ˈkeʋætˌkuː,ˈkeʋætˌkuː,0.0
keviä,ˈkeʋiæ̯,ˈkeʋiæ̯,0.0
kieli,ˈkie̯lʲi,ˈkie̯lʲi,0.0
keviäkuu,ˈkeʋiæ̯ˌkuː,ˈkeʋiæ̯ˌkuː,0.0
kiukua,ˈkiu̯kuɑ̯,ˈkiu̯kuɑ̯,0.0
kišša,ˈkiʃːɑ,ˈkiʃʃɑ,17.0
kodi,ˈkodʲi,ˈkodʲi,0.0
kniiga,ˈknʲiːɡɑ,ˈknʲiːɡɑ,0.0
koira,ˈkoi̯rɑ,ˈkoi̯rɑ,0.0
koivu,ˈkoi̯ʋu,ˈkoi̯ʋu,0.0
kniika,ˈknʲiːkɑ,ˈknʲiːkɑ,0.0
kofei,ˈkofei̯,ˈkofei,14.000000000000002
korkie,ˈkorkie̯,ˈkorkie̯,0.0
korpi,ˈkorpi,ˈkorpi,0.0
korvašieni,ˈkorʋɑˌʃie̯nʲi,ˈkorʋɑˌʃie̯nʲi,0.0
kokka,ˈkokːɑ,ˈkokːɑ,0.0
konža,ˈkonʒɑ,ˈkonʒɑ,0.0
kolmaš,ˈkolmɑʃ,ˈkolmɑʃ,0.0
koški,ˈkoʃki,ˈkoʃki,0.0
kukka,ˈkukːɑ,ˈkukːɑ,0.0
kumbane,ˈkumbɑnʲe,ˈkumbɑnʲe,0.0
kravatti,ˈkrɑʋɑtʲːi,ˈkrɑʋɑtʲːi,0.0
krečču,ˈkret͡ʃːu,ˈkret͡ʃːu,0.0
kulkkulaki,ˈkulkːuˌlɑki,ˈkulkːuˌlɑki,0.0
kumpani,ˈkumpɑnʲi,ˈkumpɑnʲi,0.0
kumpi,ˈkumpi,ˈkumpi,0.0
kylvö,ˈkylʲʋø,ˈkylʲʋø,0.0
kuva,ˈkuʋɑ,ˈkuʋɑ,0.0
kuuši,ˈkuːʃi,ˈkuːʃi,0.0
kylä,ˈkylʲæ,ˈkylʲæ,0.0
kynkä,ˈkyŋkæ,ˈkyŋkæ,0.0
käsi,ˈkæsʲi,ˈkæsʲi,0.0
kärgi,ˈkærɡi,ˈkærɡi,0.0
kymmenen,ˈkymːenen,ˈkymːenen,0.0
käzi,ˈkæzʲi,ˈkæzʲi,0.0
käyvvä,ˈkæy̯ʋːæ,ˈkæy̯ʋʋæ,12.0
lapši,ˈlɑpʃi,ˈlɑpʃi,0.0
lambi,ˈlɑmbi,ˈlɑmbi,0.0
linna,ˈlʲinːɑ,ˈlʲinːɑ,0.0
leppä,ˈlʲepːæ,ˈlʲepːæ,0.0
lika,ˈlʲikɑ,ˈlʲikɑ,0.0
laukku,ˈlɑu̯kːu,ˈlɑu̯kːu,0.0
liäšö,ˈliæ̯ʃø,ˈliæ̯ʃø,0.0
lintu,ˈlʲintu,ˈlʲintu,0.0
louhi,ˈlou̯hi,ˈlou̯hi,0.0
lypšyä,ˈlʲypʃyæ̯,ˈlʲypʃyæ̯,0.0
lutikka,ˈlutʲikːɑ,ˈlutʲikːɑ,0.0
lumi,ˈlumi,ˈlumi,0.0
lʹolʹlʹo,ˈlʲolʲːo,ˈlʲolʲːo,0.0
maito,ˈmɑi̯to,ˈmɑi̯to,0.0
manšikka,ˈmɑnʃikːɑ,ˈmɑnʃikːɑ,0.0
meččä,ˈmet͡ʃːæ,ˈmet͡ʃːæ,0.0
meri,ˈmeri,ˈmerʲi,20.0
marta,ˈmɑrtɑ,ˈmɑrtɑ,0.0
mozgu,ˈmozɡu,ˈmozɡu,0.0
muailma,ˈmuɑ̯ˌilmɑ,ˈmuɑ̯ˌilmɑ,0.0
mozgut,ˈmozɡut,ˈmozɡut,0.0
mie,ˈmie̯,ˈmie̯,0.0
mela,ˈmelɑ,ˈmelɑ,0.0
mykrä,ˈmykræ,ˈmykræ,0.0
muamygrä,ˈmuɑ̯ˌmyɡræ,ˈmuɑ̯ˌmyɡræ,0.0
mygrä,ˈmyɡræ,ˈmyɡræ,0.0
mušta,ˈmuʃtɑ,ˈmuʃtɑ,0.0
naine,ˈnɑi̯nʲe,ˈnɑi̯nʲe,0.0
niken,ˈnʲiken,ˈnʲiken,0.0
nimi,ˈnʲimi,ˈnʲimi,0.0
niädä,ˈnʲiæ̯dæ,ˈnʲiæ̯dæ,0.0
niätä,ˈnʲiæ̯tæ,ˈnʲiæ̯tʲæ,12.0
nyköiskarjalaini,ˈnʲykøi̯sˌkɑrjɑˌlɑi̯nʲi,ˈnʲykøi̯sˌkɑrjɑˌlɑi̯nʲi,0.0
oktʹabrʹa,ˈoktʲɑbrʲɑ,ˈoktʲɑbrʲɑ,0.0
osra,ˈosrɑ,ˈosrɑ,0.0
painajaini,ˈpɑi̯nɑjɑi̯nʲi,ˈpɑi̯nɑjɑi̯nʲi,0.0
nʹonʹnʹo,ˈnʲonʲːo,ˈnʲonʲːo,0.0
pakkaiskuu,ˈpɑkːɑi̯sˌkuː,ˈpɑkːɑi̯sˌkuː,0.0
pakkani,ˈpɑkːɑnʲi,ˈpɑkːɑnʲi,0.0
palokärki,ˈpɑloˌkærki,ˈpɑloˌkærki,0.0
pakkane,ˈpɑkːɑne,ˈpɑkːɑne,0.0
peldohiiri,ˈpeldoˌhiːrʲi,ˈpeldoˌhiːrʲi,0.0
pavarča,ˈpɑʋɑrt͡ʃɑ,ˈpɑʋɑrt͡ʃɑ,0.0
pillu,ˈpilːu,ˈpilːu,0.0
palava,ˈpɑlɑʋɑ,ˈpɑlɑʋɑ,0.0
pimie,ˈpimie̯,ˈpimie̯,0.0
petra,ˈpetrɑ,ˈpetrɑ,0.0
piässä,ˈpiæ̯sʲːæ,ˈpiæ̯sʲːæ,0.0
piä,ˈpiæ̯,ˈpiæ̯,0.0
pokko,ˈpokːo,ˈpokːo,0.0
purgu,ˈpurɡu,ˈpurɡu,0.0
päivä,ˈpæi̯ʋæ,ˈpæi̯ʋæ,0.0
rikaš,ˈrikɑʃ,ˈrikɑʃ,0.0
pränä,ˈprænʲæ,ˈprænʲæ,0.0
porraš,ˈporːɑʃ,ˈporːɑʃ,0.0
ružja,ˈruʒjɑ,ˈruʒjɑ,0.0
rotta,ˈrotːɑ,ˈrotːɑ,0.0
sakona,ˈsɑkonɑ,ˈsɑkonɑ,0.0
šajekuu,ˈʃɑjeˌkuː,ˈʃɑjeˌkuː,0.0
rikaškäsini,ˈrikɑʃˌkæsʲinʲi,ˈrikɑʃˌkæsʲinʲi,0.0
smeja,ˈsmejɑ,ˈsmejɑ,0.0
šie,ˈʃie̯,ˈʃie̯,0.0
šeinä,ˈʃei̯nʲæ,ˈʃei̯nʲæ,0.0
šanakirja,ˈʃɑnɑˌkirjɑ,ˈʃɑnɑˌkirjɑ,0.0
šuuri,ˈʃuːri,ˈʃuːri,0.0
šinini,ˈʃinʲinʲi,ˈʃinʲinʲi,0.0
šygyžkuu,ˈʃyɡyʃˌkuː,ˈʃyɡyʃˌkuː,0.0
šykšy,ˈʃykʃy,ˈʃykʃy,0.0
šuuruš,ˈʃuːruʃ,ˈʃuːruʃ,0.0
šyyš-,ˈʃyːʃ-,ˈʃyːʃ,17.0
zmeja,ˈzmejɑ,ˈzmejɑ,0.0
žiivatta,ˈʒiːʋɑtːɑ,ˈʒiːʋɑtːɑ,0.0
zirkalo,ˈzʲirkɑlo,ˈzʲirkɑlo,0.0
tosi,ˈtosʲi,ˈtosʲi,0.0
tikka,ˈtʲikːɑ,ˈtʲikːɑ,0.0
toine,ˈtoi̯nʲe,ˈtoi̯nʲe,0.0
tuisku,ˈtui̯sku,ˈtui̯sku,0.0
toži,ˈtoʒi,ˈtoʒi,0.0
tytär,ˈtʲytʲær,ˈtʲytʲær,0.0
tämä,ˈtʲæmæ,ˈtʲæmæ,0.0
toini,ˈtoi̯nʲi,ˈtoi̯nʲi,0.0
tuo,ˈtuo̯,ˈtuo̯,0.0
vaihto,ˈʋɑi̯hto,ˈʋɑi̯hto,0.0
tuulikuu,ˈtuːlʲiˌkuː,ˈtuːlʲiˌkuː,0.0
uuni,ˈuːnʲi,ˈuːnʲi,0.0
veičči,ˈʋei̯t͡ʃːi,ˈʋei̯t͡ʃːi,0.0
valehičča,ˈʋɑlehit͡ʃːɑ,ˈʋɑlehit͡ʃːɑ,0.0
veniälä,ˈʋenʲiæ̯lʲæ,ˈʋenʲiæ̯lʲæ,0.0
veri,ˈʋerʲi,ˈʋerʲi,0.0
velli,ˈʋelʲːi,ˈʋelʲːi,0.0
vihma,ˈʋihmɑ,ˈʋihmɑ,0.0
verkko,ˈʋerkːo,ˈʋerkːo,0.0
vezi,ˈʋezʲi,ˈʋezʲi,0.0
vesikorento,ˈʋesʲiˌkorento,ˈʋesʲiˌkorento,0.0
vuojeh,ˈʋuo̯jeh,ˈʋuo̯jeh,0.0
vilu,ˈʋilu,ˈʋilu,0.0
viijes,ˈʋiːjes,ˈʋiːjes,0.0
viisi,ˈʋiːsʲi,ˈʋiːsʲi,0.0
vägevä,ˈʋæɡeʋæ,ˈʋæɡeʋæ,0.0
yksitoisʹtʹa,ˈyksʲiˌtoi̯sʲtʲɑ,ˈyksʲiˌtoi̯sʲtʲɑ,0.0
vuosi,ˈʋuo̯sʲi,ˈʋuo̯sʲi,0.0
yskä,ˈysʲkæ,ˈysʲkæ,0.0
vägövä,ˈʋæɡøʋæ,ˈʋæɡøʋæ,0.0
yškä,ˈyʃkæ,ˈyʃkæ,0.0
värčči,ˈʋært͡ʃːi,ˈʋært͡ʃːi,0.0
myö,ˈmyø̯,ˈmyø̯,0.0
kakši,ˈkɑkʃi,ˈkɑkʃi,0.0
mussikka,ˈmusʲːikːɑ,ˈmusʲːikːɑ,0.0
männä,ˈmænːæ,ˈmænːæ,0.0
kipu,ˈkipu,ˈkipu,0.0
nuori,ˈnuo̯ri,ˈnuo̯ri,0.0
peldo,ˈpeldo,ˈpeldo,0.0
noita,ˈnoi̯tɑ,ˈnoi̯tɑ,0.0
pelto,ˈpelto,ˈpelto,0.0
pimiekuu,ˈpimie̯ˌkuː,ˈpimie̯ˌkuː,0.0
sinine,ˈsʲinʲinʲe,ˈsʲinʲinʲe,0.0
rašvakatti,ˈrɑʃʋɑˌkɑtʲːi,ˈrɑʃʋɑˌkɑtʲːi,0.0
priha,ˈprihɑ,ˈprihɑ,0.0
šija,ˈʃijɑ,ˈʃijɑ,0.0
šiivatta,ˈʃiːʋɑtːɑ,ˈʃiːʋɑtːɑ,0.0
ryžä,ˈryʒæ,ˈryʒæ,0.0
širkkalo,ˈʃirkːɑlo,ˈʃirkːɑlo,0.0
toini toisen,ˈtoi̯nʲi ˌtoi̯sen,ˈtoi̯nʲi ˌtoi̯sen,0.0
vanhembi,ˈʋɑnhembi,ˈʋɑnhembi,0.0
tuatto,ˈtuɑ̯tːo,ˈtuɑ̯tːo,0.0
valehella,ˈʋɑlehelːɑ,ˈʋɑlehelːɑ,0.0
viizi,ˈʋiːzʲi,ˈʋiːzʲi,0.0
vuoži,ˈʋuo̯ʒi,ˈʋuo̯ʒi,0.0
